<?xml version='1.0' encoding='UTF-8'?>
<gpx version="1.1" creator="https://www.komoot.de" xmlns="http://www.topografix.com/GPX/1/1" xmlns:xsi="http://www.w3.org/2001/XMLSchema-instance" xsi:schemaLocation="http://www.topografix.com/GPX/1/1 http://www.topografix.com/GPX/1/1/gpx.xsd">
  <metadata>
    <name>Ybbs_radweg_2</name>
    <author>
      <link href="https://www.komoot.de">
        <text>komoot</text>
        <type>text/html</type>
      </link>
    </author>
  </metadata>
  <wpt lat="47.852562" lon="15.039970">
    <name>A reward for all that pedaling</name>
    <sym>Flag, Blue</sym>
  </wpt>
  <trk>
    <name>Ybbs_radweg_2</name>
    <type>touring_bicycle</type>
    <trkseg>
      <trkpt lat="47.807371" lon="14.936733">
        <ele>527.726274</ele>
        <time>2026-09-28T09:31:30.011Z</time>
      </trkpt>
      <trkpt lat="47.807334" lon="14.937318">
        <ele>527.726274</ele>
        <time>2026-09-28T09:31:37.476Z</time>
      </trkpt>
      <trkpt lat="47.807333" lon="14.937785">
        <ele>527.726274</ele>
        <time>2026-09-28T09:31:43.598Z</time>
      </trkpt>
      <trkpt lat="47.807344" lon="14.938238">
        <ele>527.743938</ele>
        <time>2026-09-28T09:31:49.707Z</time>
      </trkpt>
      <trkpt lat="47.807350" lon="14.938342">
        <ele>527.754857</ele>
        <time>2026-09-28T09:31:51.130Z</time>
      </trkpt>
      <trkpt lat="47.807438" lon="14.939641">
        <ele>527.891430</ele>
        <time>2026-09-28T09:32:10.146Z</time>
      </trkpt>
      <trkpt lat="47.807448" lon="14.939890">
        <ele>527.917523</ele>
        <time>2026-09-28T09:32:14.331Z</time>
      </trkpt>
      <trkpt lat="47.807450" lon="14.940486">
        <ele>527.979869</ele>
        <time>2026-09-28T09:32:24.769Z</time>
      </trkpt>
      <trkpt lat="47.807424" lon="14.941058">
        <ele>528.123773</ele>
        <time>2026-09-28T09:32:34.893Z</time>
      </trkpt>
      <trkpt lat="47.807397" lon="14.941425">
        <ele>528.259364</ele>
        <time>2026-09-28T09:32:40.985Z</time>
      </trkpt>
      <trkpt lat="47.807312" lon="14.942164">
        <ele>528.534722</ele>
        <time>2026-09-28T09:32:52.736Z</time>
      </trkpt>
      <trkpt lat="47.807251" lon="14.942522">
        <ele>528.670367</ele>
        <time>2026-09-28T09:32:58.599Z</time>
      </trkpt>
      <trkpt lat="47.807072" lon="14.943315">
        <ele>528.977616</ele>
        <time>2026-09-28T09:33:12.407Z</time>
      </trkpt>
      <trkpt lat="47.806906" lon="14.943779">
        <ele>529.448605</ele>
        <time>2026-09-28T09:33:21.067Z</time>
      </trkpt>
      <trkpt lat="47.806731" lon="14.944129">
        <ele>529.855269</ele>
        <time>2026-09-28T09:33:28.179Z</time>
      </trkpt>
      <trkpt lat="47.806029" lon="14.945229">
        <ele>531.269472</ele>
        <time>2026-09-28T09:33:55.853Z</time>
      </trkpt>
      <trkpt lat="47.805804" lon="14.945750">
        <ele>532.697446</ele>
        <time>2026-09-28T09:34:10.020Z</time>
      </trkpt>
      <trkpt lat="47.805671" lon="14.946229">
        <ele>534.319149</ele>
        <time>2026-09-28T09:34:23.916Z</time>
      </trkpt>
      <trkpt lat="47.805591" lon="14.946677">
        <ele>535.769541</ele>
        <time>2026-09-28T09:34:37.526Z</time>
      </trkpt>
      <trkpt lat="47.805557" lon="14.947284">
        <ele>537.675310</ele>
        <time>2026-09-28T09:34:56.502Z</time>
      </trkpt>
      <trkpt lat="47.805583" lon="14.947848">
        <ele>539.444100</ele>
        <time>2026-09-28T09:35:14.591Z</time>
      </trkpt>
      <trkpt lat="47.805655" lon="14.948446">
        <ele>540.130251</ele>
        <time>2026-09-28T09:35:32.748Z</time>
      </trkpt>
      <trkpt lat="47.805743" lon="14.948930">
        <ele>540.411777</ele>
        <time>2026-09-28T09:35:43.092Z</time>
      </trkpt>
      <trkpt lat="47.805948" lon="14.949711">
        <ele>540.882570</ele>
        <time>2026-09-28T09:35:53.894Z</time>
      </trkpt>
      <trkpt lat="47.806079" lon="14.950130">
        <ele>541.142058</ele>
        <time>2026-09-28T09:35:59.282Z</time>
      </trkpt>
      <trkpt lat="47.806243" lon="14.950584">
        <ele>541.485219</ele>
        <time>2026-09-28T09:36:05.226Z</time>
      </trkpt>
      <trkpt lat="47.806264" lon="14.950645">
        <ele>541.556362</ele>
        <time>2026-09-28T09:36:06.016Z</time>
      </trkpt>
      <trkpt lat="47.806304" lon="14.950607">
        <ele>541.629684</ele>
        <time>2026-09-28T09:36:06.809Z</time>
      </trkpt>
      <trkpt lat="47.806830" lon="14.952001">
        <ele>543.289180</ele>
        <time>2026-09-28T09:36:35.101Z</time>
      </trkpt>
      <trkpt lat="47.806798" lon="14.952065">
        <ele>543.371989</ele>
        <time>2026-09-28T09:36:37.397Z</time>
      </trkpt>
      <trkpt lat="47.806766" lon="14.952122">
        <ele>543.449093</ele>
        <time>2026-09-28T09:36:39.658Z</time>
      </trkpt>
      <trkpt lat="47.807418" lon="14.953955">
        <ele>547.047225</ele>
        <time>2026-09-28T09:37:34.010Z</time>
      </trkpt>
      <trkpt lat="47.808034" lon="14.955838">
        <ele>550.506802</ele>
        <time>2026-09-28T09:38:16.241Z</time>
      </trkpt>
      <trkpt lat="47.808603" lon="14.957725">
        <ele>552.344313</ele>
        <time>2026-09-28T09:38:55.718Z</time>
      </trkpt>
      <trkpt lat="47.809553" lon="14.961014">
        <ele>552.435159</ele>
        <time>2026-09-28T09:39:45.008Z</time>
      </trkpt>
      <trkpt lat="47.809928" lon="14.962125">
        <ele>552.829329</ele>
        <time>2026-09-28T09:40:07.855Z</time>
      </trkpt>
      <trkpt lat="47.810718" lon="14.963910">
        <ele>553.473218</ele>
        <time>2026-09-28T09:40:46.181Z</time>
      </trkpt>
      <trkpt lat="47.811582" lon="14.966285">
        <ele>554.359411</ele>
        <time>2026-09-28T09:41:21.663Z</time>
      </trkpt>
      <trkpt lat="47.812452" lon="14.968421">
        <ele>556.900487</ele>
        <time>2026-09-28T09:42:20.303Z</time>
      </trkpt>
      <trkpt lat="47.812483" lon="14.968623">
        <ele>557.182401</ele>
        <time>2026-09-28T09:42:24.677Z</time>
      </trkpt>
      <trkpt lat="47.812550" lon="14.968817">
        <ele>557.479204</ele>
        <time>2026-09-28T09:42:28.945Z</time>
      </trkpt>
      <trkpt lat="47.812701" lon="14.969016">
        <ele>557.887725</ele>
        <time>2026-09-28T09:42:34.155Z</time>
      </trkpt>
      <trkpt lat="47.812966" lon="14.969577">
        <ele>557.756144</ele>
        <time>2026-09-28T09:42:43.716Z</time>
      </trkpt>
      <trkpt lat="47.813128" lon="14.969753">
        <ele>557.345322</ele>
        <time>2026-09-28T09:42:47.336Z</time>
      </trkpt>
      <trkpt lat="47.813420" lon="14.970244">
        <ele>556.443019</ele>
        <time>2026-09-28T09:42:55.013Z</time>
      </trkpt>
      <trkpt lat="47.813722" lon="14.970680">
        <ele>555.581290</ele>
        <time>2026-09-28T09:43:01.953Z</time>
      </trkpt>
      <trkpt lat="47.814136" lon="14.971421">
        <ele>554.337347</ele>
        <time>2026-09-28T09:43:12.370Z</time>
      </trkpt>
      <trkpt lat="47.814430" lon="14.972147">
        <ele>553.443648</ele>
        <time>2026-09-28T09:43:22.073Z</time>
      </trkpt>
      <trkpt lat="47.816068" lon="14.976574">
        <ele>550.414574</ele>
        <time>2026-09-28T09:44:30.166Z</time>
      </trkpt>
      <trkpt lat="47.816385" lon="14.977380">
        <ele>550.231336</ele>
        <time>2026-09-28T09:44:43.315Z</time>
      </trkpt>
      <trkpt lat="47.816543" lon="14.977702">
        <ele>550.153102</ele>
        <time>2026-09-28T09:44:48.887Z</time>
      </trkpt>
      <trkpt lat="47.816742" lon="14.978023">
        <ele>550.067399</ele>
        <time>2026-09-28T09:44:55.286Z</time>
      </trkpt>
      <trkpt lat="47.817019" lon="14.978391">
        <ele>550.452898</ele>
        <time>2026-09-28T09:45:04.501Z</time>
      </trkpt>
      <trkpt lat="47.817337" lon="14.978737">
        <ele>550.988842</ele>
        <time>2026-09-28T09:45:15.196Z</time>
      </trkpt>
      <trkpt lat="47.817831" lon="14.979106">
        <ele>551.740920</ele>
        <time>2026-09-28T09:45:30.049Z</time>
      </trkpt>
      <trkpt lat="47.818665" lon="14.979530">
        <ele>553.758356</ele>
        <time>2026-09-28T09:45:56.894Z</time>
      </trkpt>
      <trkpt lat="47.819097" lon="14.979846">
        <ele>555.614175</ele>
        <time>2026-09-28T09:46:14.346Z</time>
      </trkpt>
      <trkpt lat="47.819490" lon="14.980273">
        <ele>557.489952</ele>
        <time>2026-09-28T09:46:34.512Z</time>
      </trkpt>
      <trkpt lat="47.819857" lon="14.980823">
        <ele>559.458343</ele>
        <time>2026-09-28T09:46:57.522Z</time>
      </trkpt>
      <trkpt lat="47.820176" lon="14.981454">
        <ele>560.330014</ele>
        <time>2026-09-28T09:47:17.865Z</time>
      </trkpt>
      <trkpt lat="47.820310" lon="14.981786">
        <ele>560.757502</ele>
        <time>2026-09-28T09:47:26.311Z</time>
      </trkpt>
      <trkpt lat="47.820597" lon="14.982683">
        <ele>561.854054</ele>
        <time>2026-09-28T09:47:42.070Z</time>
      </trkpt>
      <trkpt lat="47.820683" lon="14.983023">
        <ele>562.255010</ele>
        <time>2026-09-28T09:47:46.902Z</time>
      </trkpt>
      <trkpt lat="47.820786" lon="14.983581">
        <ele>561.998632</ele>
        <time>2026-09-28T09:47:54.062Z</time>
      </trkpt>
      <trkpt lat="47.820836" lon="14.983997">
        <ele>561.643680</ele>
        <time>2026-09-28T09:47:59.512Z</time>
      </trkpt>
      <trkpt lat="47.820864" lon="14.984539">
        <ele>561.187110</ele>
        <time>2026-09-28T09:48:06.803Z</time>
      </trkpt>
      <trkpt lat="47.820833" lon="14.985786">
        <ele>560.139039</ele>
        <time>2026-09-28T09:48:21.971Z</time>
      </trkpt>
      <trkpt lat="47.820867" lon="14.986253">
        <ele>559.659289</ele>
        <time>2026-09-28T09:48:27.642Z</time>
      </trkpt>
      <trkpt lat="47.820907" lon="14.986482">
        <ele>559.417241</ele>
        <time>2026-09-28T09:48:30.433Z</time>
      </trkpt>
      <trkpt lat="47.820972" lon="14.986771">
        <ele>559.105471</ele>
        <time>2026-09-28T09:48:33.968Z</time>
      </trkpt>
      <trkpt lat="47.821070" lon="14.987137">
        <ele>558.702408</ele>
        <time>2026-09-28T09:48:38.547Z</time>
      </trkpt>
      <trkpt lat="47.821184" lon="14.987421">
        <ele>558.363942</ele>
        <time>2026-09-28T09:48:42.310Z</time>
      </trkpt>
      <trkpt lat="47.822568" lon="14.990320">
        <ele>556.632453</ele>
        <time>2026-09-28T09:49:31.141Z</time>
      </trkpt>
      <trkpt lat="47.822586" lon="14.990339">
        <ele>556.622849</ele>
        <time>2026-09-28T09:49:31.627Z</time>
      </trkpt>
      <trkpt lat="47.822629" lon="14.990309">
        <ele>556.630018</ele>
        <time>2026-09-28T09:49:32.726Z</time>
      </trkpt>
      <trkpt lat="47.822679" lon="14.990284">
        <ele>556.669500</ele>
        <time>2026-09-28T09:49:33.941Z</time>
      </trkpt>
      <trkpt lat="47.822697" lon="14.990307">
        <ele>556.687254</ele>
        <time>2026-09-28T09:49:34.489Z</time>
      </trkpt>
      <trkpt lat="47.823016" lon="14.990900">
        <ele>557.069170</ele>
        <time>2026-09-28T09:49:46.512Z</time>
      </trkpt>
      <trkpt lat="47.823778" lon="14.991938">
        <ele>557.842193</ele>
        <time>2026-09-28T09:50:13.957Z</time>
      </trkpt>
      <trkpt lat="47.823991" lon="14.992249">
        <ele>558.113886</ele>
        <time>2026-09-28T09:50:22.212Z</time>
      </trkpt>
      <trkpt lat="47.824921" lon="14.994497">
        <ele>560.035149</ele>
        <time>2026-09-28T09:51:09.498Z</time>
      </trkpt>
      <trkpt lat="47.825248" lon="14.995168">
        <ele>560.601309</ele>
        <time>2026-09-28T09:51:23.530Z</time>
      </trkpt>
      <trkpt lat="47.825556" lon="14.995713">
        <ele>561.087741</ele>
        <time>2026-09-28T09:51:35.697Z</time>
      </trkpt>
      <trkpt lat="47.825857" lon="14.996194">
        <ele>561.536728</ele>
        <time>2026-09-28T09:51:47.360Z</time>
      </trkpt>
      <trkpt lat="47.826205" lon="14.996667">
        <ele>562.192964</ele>
        <time>2026-09-28T09:52:00.471Z</time>
      </trkpt>
      <trkpt lat="47.828567" lon="14.999515">
        <ele>566.721229</ele>
        <time>2026-09-28T09:53:29.849Z</time>
      </trkpt>
      <trkpt lat="47.828716" lon="14.999744">
        <ele>566.997985</ele>
        <time>2026-09-28T09:53:34.992Z</time>
      </trkpt>
      <trkpt lat="47.828841" lon="14.999999">
        <ele>566.946637</ele>
        <time>2026-09-28T09:53:39.513Z</time>
      </trkpt>
      <trkpt lat="47.829059" lon="15.000600">
        <ele>566.419393</ele>
        <time>2026-09-28T09:53:48.117Z</time>
      </trkpt>
      <trkpt lat="47.829346" lon="15.001835">
        <ele>565.410703</ele>
        <time>2026-09-28T09:54:03.671Z</time>
      </trkpt>
      <trkpt lat="47.829474" lon="15.002213">
        <ele>565.083944</ele>
        <time>2026-09-28T09:54:08.743Z</time>
      </trkpt>
      <trkpt lat="47.829622" lon="15.002546">
        <ele>565.354845</ele>
        <time>2026-09-28T09:54:13.783Z</time>
      </trkpt>
      <trkpt lat="47.829860" lon="15.002975">
        <ele>565.896108</ele>
        <time>2026-09-28T09:54:21.889Z</time>
      </trkpt>
      <trkpt lat="47.832583" lon="15.007351">
        <ele>571.233885</ele>
        <time>2026-09-28T09:56:22.390Z</time>
      </trkpt>
      <trkpt lat="47.835330" lon="15.011764">
        <ele>571.524453</ele>
        <time>2026-09-28T09:57:48.821Z</time>
      </trkpt>
      <trkpt lat="47.836146" lon="15.013072">
        <ele>572.279528</ele>
        <time>2026-09-28T09:58:17.310Z</time>
      </trkpt>
      <trkpt lat="47.837489" lon="15.015214">
        <ele>575.990454</ele>
        <time>2026-09-28T09:59:12.266Z</time>
      </trkpt>
      <trkpt lat="47.837583" lon="15.015125">
        <ele>576.301335</ele>
        <time>2026-09-28T09:59:16.636Z</time>
      </trkpt>
      <trkpt lat="47.837640" lon="15.015174">
        <ele>576.485023</ele>
        <time>2026-09-28T09:59:19.187Z</time>
      </trkpt>
      <trkpt lat="47.838026" lon="15.015727">
        <ele>577.979783</ele>
        <time>2026-09-28T09:59:41.601Z</time>
      </trkpt>
      <trkpt lat="47.838128" lon="15.015821">
        <ele>578.341494</ele>
        <time>2026-09-28T09:59:46.703Z</time>
      </trkpt>
      <trkpt lat="47.838335" lon="15.015882">
        <ele>579.043386</ele>
        <time>2026-09-28T09:59:55.786Z</time>
      </trkpt>
      <trkpt lat="47.838615" lon="15.015851">
        <ele>579.977328</ele>
        <time>2026-09-28T10:00:07.779Z</time>
      </trkpt>
      <trkpt lat="47.838944" lon="15.015705">
        <ele>581.119208</ele>
        <time>2026-09-28T10:00:22.174Z</time>
      </trkpt>
      <trkpt lat="47.839712" lon="15.015592">
        <ele>583.686260</ele>
        <time>2026-09-28T10:00:50.028Z</time>
      </trkpt>
      <trkpt lat="47.839936" lon="15.015505">
        <ele>583.955361</ele>
        <time>2026-09-28T10:00:55.885Z</time>
      </trkpt>
      <trkpt lat="47.840098" lon="15.015348">
        <ele>583.522446</ele>
        <time>2026-09-28T10:01:00.043Z</time>
      </trkpt>
      <trkpt lat="47.840277" lon="15.014926">
        <ele>582.771868</ele>
        <time>2026-09-28T10:01:06.404Z</time>
      </trkpt>
      <trkpt lat="47.840403" lon="15.014782">
        <ele>582.416140</ele>
        <time>2026-09-28T10:01:09.197Z</time>
      </trkpt>
      <trkpt lat="47.840898" lon="15.014578">
        <ele>581.265658</ele>
        <time>2026-09-28T10:01:17.758Z</time>
      </trkpt>
      <trkpt lat="47.841692" lon="15.014471">
        <ele>579.719427</ele>
        <time>2026-09-28T10:01:30.885Z</time>
      </trkpt>
      <trkpt lat="47.842260" lon="15.014407">
        <ele>578.915306</ele>
        <time>2026-09-28T10:01:41.171Z</time>
      </trkpt>
      <trkpt lat="47.842841" lon="15.014414">
        <ele>578.095096</ele>
        <time>2026-09-28T10:01:53.769Z</time>
      </trkpt>
      <trkpt lat="47.842905" lon="15.014425">
        <ele>578.004150</ele>
        <time>2026-09-28T10:01:55.420Z</time>
      </trkpt>
      <trkpt lat="47.843249" lon="15.014589">
        <ele>577.662641</ele>
        <time>2026-09-28T10:02:04.515Z</time>
      </trkpt>
      <trkpt lat="47.844480" lon="15.015214">
        <ele>579.099548</ele>
        <time>2026-09-28T10:02:38.521Z</time>
      </trkpt>
      <trkpt lat="47.844587" lon="15.015270">
        <ele>579.224852</ele>
        <time>2026-09-28T10:02:42.030Z</time>
      </trkpt>
      <trkpt lat="47.845081" lon="15.015487">
        <ele>579.947615</ele>
        <time>2026-09-28T10:02:58.890Z</time>
      </trkpt>
      <trkpt lat="47.845948" lon="15.015746">
        <ele>581.613945</ele>
        <time>2026-09-28T10:03:27.236Z</time>
      </trkpt>
      <trkpt lat="47.846204" lon="15.015830">
        <ele>582.107923</ele>
        <time>2026-09-28T10:03:34.925Z</time>
      </trkpt>
      <trkpt lat="47.846429" lon="15.015972">
        <ele>582.568389</ele>
        <time>2026-09-28T10:03:41.745Z</time>
      </trkpt>
      <trkpt lat="47.847302" lon="15.016332">
        <ele>584.414201</ele>
        <time>2026-09-28T10:04:04.822Z</time>
      </trkpt>
      <trkpt lat="47.848193" lon="15.016539">
        <ele>586.293662</ele>
        <time>2026-09-28T10:04:33.452Z</time>
      </trkpt>
      <trkpt lat="47.849165" lon="15.016600">
        <ele>587.787807</ele>
        <time>2026-09-28T10:05:09.758Z</time>
      </trkpt>
      <trkpt lat="47.849325" lon="15.016654">
        <ele>588.016222</ele>
        <time>2026-09-28T10:05:15.154Z</time>
      </trkpt>
      <trkpt lat="47.849560" lon="15.016844">
        <ele>588.388477</ele>
        <time>2026-09-28T10:05:22.520Z</time>
      </trkpt>
      <trkpt lat="47.849633" lon="15.016868">
        <ele>588.492562</ele>
        <time>2026-09-28T10:05:24.356Z</time>
      </trkpt>
      <trkpt lat="47.849771" lon="15.016911">
        <ele>588.688858</ele>
        <time>2026-09-28T10:05:27.355Z</time>
      </trkpt>
      <trkpt lat="47.849930" lon="15.017034">
        <ele>588.938291</ele>
        <time>2026-09-28T10:05:30.753Z</time>
      </trkpt>
      <trkpt lat="47.850735" lon="15.017865">
        <ele>587.748887</ele>
        <time>2026-09-28T10:05:47.429Z</time>
      </trkpt>
      <trkpt lat="47.851475" lon="15.018187">
        <ele>586.292743</ele>
        <time>2026-09-28T10:06:00.406Z</time>
      </trkpt>
      <trkpt lat="47.851599" lon="15.018268">
        <ele>586.037007</ele>
        <time>2026-09-28T10:06:02.983Z</time>
      </trkpt>
      <trkpt lat="47.851923" lon="15.018376">
        <ele>585.888310</ele>
        <time>2026-09-28T10:06:10.112Z</time>
      </trkpt>
      <trkpt lat="47.852032" lon="15.018494">
        <ele>585.929917</ele>
        <time>2026-09-28T10:06:13.244Z</time>
      </trkpt>
      <trkpt lat="47.852085" lon="15.018659">
        <ele>585.967827</ele>
        <time>2026-09-28T10:06:16.150Z</time>
      </trkpt>
      <trkpt lat="47.852347" lon="15.018757">
        <ele>586.051250</ele>
        <time>2026-09-28T10:06:22.698Z</time>
      </trkpt>
      <trkpt lat="47.853276" lon="15.019096">
        <ele>586.346628</ele>
        <time>2026-09-28T10:06:47.032Z</time>
      </trkpt>
      <trkpt lat="47.854436" lon="15.019532">
        <ele>586.663092</ele>
        <time>2026-09-28T10:07:17.149Z</time>
      </trkpt>
      <trkpt lat="47.854854" lon="15.019761">
        <ele>586.779161</ele>
        <time>2026-09-28T10:07:26.535Z</time>
      </trkpt>
      <trkpt lat="47.855196" lon="15.020097">
        <ele>586.845694</ele>
        <time>2026-09-28T10:07:34.893Z</time>
      </trkpt>
      <trkpt lat="47.855460" lon="15.020531">
        <ele>586.846625</ele>
        <time>2026-09-28T10:07:42.544Z</time>
      </trkpt>
      <trkpt lat="47.855649" lon="15.020942">
        <ele>586.847416</ele>
        <time>2026-09-28T10:07:49.357Z</time>
      </trkpt>
      <trkpt lat="47.855899" lon="15.021394">
        <ele>586.848347</ele>
        <time>2026-09-28T10:07:58.039Z</time>
      </trkpt>
      <trkpt lat="47.855901" lon="15.021431">
        <ele>586.848406</ele>
        <time>2026-09-28T10:07:58.632Z</time>
      </trkpt>
      <trkpt lat="47.855739" lon="15.021669">
        <ele>586.848945</ele>
        <time>2026-09-28T10:08:04.105Z</time>
      </trkpt>
      <trkpt lat="47.855977" lon="15.022048">
        <ele>587.024859</ele>
        <time>2026-09-28T10:08:15.845Z</time>
      </trkpt>
      <trkpt lat="47.856383" lon="15.022737">
        <ele>588.402912</ele>
        <time>2026-09-28T10:08:37.264Z</time>
      </trkpt>
      <trkpt lat="47.856798" lon="15.023420">
        <ele>589.787646</ele>
        <time>2026-09-28T10:09:01.059Z</time>
      </trkpt>
      <trkpt lat="47.856887" lon="15.023514">
        <ele>590.031961</ele>
        <time>2026-09-28T10:09:05.672Z</time>
      </trkpt>
      <trkpt lat="47.857314" lon="15.023745">
        <ele>591.155392</ele>
        <time>2026-09-28T10:09:22.823Z</time>
      </trkpt>
      <trkpt lat="47.857269" lon="15.024016">
        <ele>591.834522</ele>
        <time>2026-09-28T10:09:29.712Z</time>
      </trkpt>
      <trkpt lat="47.857288" lon="15.024260">
        <ele>592.432068</ele>
        <time>2026-09-28T10:09:35.807Z</time>
      </trkpt>
      <trkpt lat="47.857393" lon="15.024640">
        <ele>593.431781</ele>
        <time>2026-09-28T10:09:50.072Z</time>
      </trkpt>
      <trkpt lat="47.857482" lon="15.024826">
        <ele>593.987516</ele>
        <time>2026-09-28T10:09:55.787Z</time>
      </trkpt>
      <trkpt lat="47.858177" lon="15.026074">
        <ele>597.833335</ele>
        <time>2026-09-28T10:10:37.186Z</time>
      </trkpt>
      <trkpt lat="47.858524" lon="15.026596">
        <ele>599.287640</ele>
        <time>2026-09-28T10:10:52.737Z</time>
      </trkpt>
      <trkpt lat="47.858850" lon="15.027250">
        <ele>600.900113</ele>
        <time>2026-09-28T10:11:12.532Z</time>
      </trkpt>
      <trkpt lat="47.859078" lon="15.027842">
        <ele>602.251064</ele>
        <time>2026-09-28T10:11:28.922Z</time>
      </trkpt>
      <trkpt lat="47.859248" lon="15.028114">
        <ele>602.678525</ele>
        <time>2026-09-28T10:11:37.037Z</time>
      </trkpt>
      <trkpt lat="47.859503" lon="15.028816">
        <ele>602.533222</ele>
        <time>2026-09-28T10:11:58.183Z</time>
      </trkpt>
      <trkpt lat="47.859707" lon="15.029276">
        <ele>602.432856</ele>
        <time>2026-09-28T10:12:12.726Z</time>
      </trkpt>
      <trkpt lat="47.859825" lon="15.029541">
        <ele>602.374965</ele>
        <time>2026-09-28T10:12:17.034Z</time>
      </trkpt>
      <trkpt lat="47.859859" lon="15.029849">
        <ele>602.318150</ele>
        <time>2026-09-28T10:12:20.615Z</time>
      </trkpt>
      <trkpt lat="47.859750" lon="15.030379">
        <ele>602.217249</ele>
        <time>2026-09-28T10:12:26.672Z</time>
      </trkpt>
      <trkpt lat="47.859725" lon="15.030625">
        <ele>602.046035</ele>
        <time>2026-09-28T10:12:29.425Z</time>
      </trkpt>
      <trkpt lat="47.859617" lon="15.031274">
        <ele>601.580496</ele>
        <time>2026-09-28T10:12:37.717Z</time>
      </trkpt>
      <trkpt lat="47.859632" lon="15.031472">
        <ele>601.441768</ele>
        <time>2026-09-28T10:12:40.498Z</time>
      </trkpt>
      <trkpt lat="47.859484" lon="15.031758">
        <ele>601.190304</ele>
        <time>2026-09-28T10:12:46.083Z</time>
      </trkpt>
      <trkpt lat="47.858698" lon="15.032496">
        <ele>600.335822</ele>
        <time>2026-09-28T10:13:06.263Z</time>
      </trkpt>
      <trkpt lat="47.858421" lon="15.032796">
        <ele>600.294722</ele>
        <time>2026-09-28T10:13:14.296Z</time>
      </trkpt>
      <trkpt lat="47.858305" lon="15.032965">
        <ele>600.275251</ele>
        <time>2026-09-28T10:13:18.015Z</time>
      </trkpt>
      <trkpt lat="47.858140" lon="15.033345">
        <ele>600.238797</ele>
        <time>2026-09-28T10:13:24.688Z</time>
      </trkpt>
      <trkpt lat="47.858093" lon="15.033460">
        <ele>600.227952</ele>
        <time>2026-09-28T10:13:26.618Z</time>
      </trkpt>
      <trkpt lat="47.858034" lon="15.033625">
        <ele>600.212895</ele>
        <time>2026-09-28T10:13:29.276Z</time>
      </trkpt>
      <trkpt lat="47.858022" lon="15.033667">
        <ele>600.209218</ele>
        <time>2026-09-28T10:13:29.949Z</time>
      </trkpt>
      <trkpt lat="47.857993" lon="15.033910">
        <ele>600.189340</ele>
        <time>2026-09-28T10:13:33.427Z</time>
      </trkpt>
      <trkpt lat="47.857969" lon="15.034519">
        <ele>600.140208</ele>
        <time>2026-09-28T10:13:42.183Z</time>
      </trkpt>
      <trkpt lat="47.857915" lon="15.034789">
        <ele>600.382288</ele>
        <time>2026-09-28T10:13:46.703Z</time>
      </trkpt>
      <trkpt lat="47.857535" lon="15.035642">
        <ele>601.604798</ele>
        <time>2026-09-28T10:14:07.972Z</time>
      </trkpt>
      <trkpt lat="47.857403" lon="15.035809">
        <ele>601.912910</ele>
        <time>2026-09-28T10:14:14.066Z</time>
      </trkpt>
      <trkpt lat="47.857257" lon="15.035881">
        <ele>602.186568</ele>
        <time>2026-09-28T10:14:19.320Z</time>
      </trkpt>
      <trkpt lat="47.856870" lon="15.035986">
        <ele>602.886546</ele>
        <time>2026-09-28T10:14:31.775Z</time>
      </trkpt>
      <trkpt lat="47.856631" lon="15.036012">
        <ele>603.312973</ele>
        <time>2026-09-28T10:14:38.922Z</time>
      </trkpt>
      <trkpt lat="47.856447" lon="15.035957">
        <ele>603.642188</ele>
        <time>2026-09-28T10:14:44.508Z</time>
      </trkpt>
      <trkpt lat="47.856422" lon="15.035925">
        <ele>603.699942</ele>
        <time>2026-09-28T10:14:45.529Z</time>
      </trkpt>
      <trkpt lat="47.856306" lon="15.036008">
        <ele>603.925448</ele>
        <time>2026-09-28T10:14:49.276Z</time>
      </trkpt>
      <trkpt lat="47.856174" lon="15.036207">
        <ele>604.254498</ele>
        <time>2026-09-28T10:14:54.781Z</time>
      </trkpt>
      <trkpt lat="47.855815" lon="15.036917">
        <ele>605.299915</ele>
        <time>2026-09-28T10:15:12.243Z</time>
      </trkpt>
      <trkpt lat="47.855367" lon="15.037645">
        <ele>606.461503</ele>
        <time>2026-09-28T10:15:30.498Z</time>
      </trkpt>
      <trkpt lat="47.854898" lon="15.038153">
        <ele>607.616199</ele>
        <time>2026-09-28T10:15:48.179Z</time>
      </trkpt>
      <trkpt lat="47.854493" lon="15.038929">
        <ele>608.934042</ele>
        <time>2026-09-28T10:16:08.763Z</time>
      </trkpt>
      <trkpt lat="47.854260" lon="15.039248">
        <ele>609.566126</ele>
        <time>2026-09-28T10:16:17.964Z</time>
      </trkpt>
      <trkpt lat="47.854137" lon="15.039366">
        <ele>609.858360</ele>
        <time>2026-09-28T10:16:22.076Z</time>
      </trkpt>
      <trkpt lat="47.853910" lon="15.039409">
        <ele>610.203312</ele>
        <time>2026-09-28T10:16:28.728Z</time>
      </trkpt>
      <trkpt lat="47.853804" lon="15.039490">
        <ele>610.327799</ele>
        <time>2026-09-28T10:16:32.563Z</time>
      </trkpt>
      <trkpt lat="47.853552" lon="15.039865">
        <ele>610.699959</ele>
        <time>2026-09-28T10:16:44.920Z</time>
      </trkpt>
      <trkpt lat="47.853409" lon="15.039862">
        <ele>610.849414</ele>
        <time>2026-09-28T10:16:49.319Z</time>
      </trkpt>
      <trkpt lat="47.853049" lon="15.039890">
        <ele>611.226137</ele>
        <time>2026-09-28T10:16:58.295Z</time>
      </trkpt>
      <trkpt lat="47.852575" lon="15.039861">
        <ele>611.721899</ele>
        <time>2026-09-28T10:17:08.817Z</time>
      </trkpt>
      <trkpt lat="47.852572" lon="15.039860">
        <ele>611.725112</ele>
        <time>2026-09-28T10:17:08.907Z</time>
      </trkpt>
      <trkpt lat="47.852575" lon="15.039861">
        <ele>611.728324</ele>
        <time>2026-09-28T10:17:08.971Z</time>
      </trkpt>
      <trkpt lat="47.853049" lon="15.039890">
        <ele>611.560190</ele>
        <time>2026-09-28T10:17:19.538Z</time>
      </trkpt>
      <trkpt lat="47.853409" lon="15.039862">
        <ele>610.990234</ele>
        <time>2026-09-28T10:17:26.786Z</time>
      </trkpt>
      <trkpt lat="47.853552" lon="15.039865">
        <ele>610.764120</ele>
        <time>2026-09-28T10:17:29.294Z</time>
      </trkpt>
      <trkpt lat="47.853804" lon="15.039490">
        <ele>610.201067</ele>
        <time>2026-09-28T10:17:35.118Z</time>
      </trkpt>
      <trkpt lat="47.853910" lon="15.039409">
        <ele>610.012727</ele>
        <time>2026-09-28T10:17:37.141Z</time>
      </trkpt>
      <trkpt lat="47.854137" lon="15.039366">
        <ele>609.650939</ele>
        <time>2026-09-28T10:17:41.279Z</time>
      </trkpt>
      <trkpt lat="47.854260" lon="15.039248">
        <ele>609.419657</ele>
        <time>2026-09-28T10:17:43.967Z</time>
      </trkpt>
      <trkpt lat="47.854493" lon="15.038929">
        <ele>608.880631</ele>
        <time>2026-09-28T10:17:49.673Z</time>
      </trkpt>
      <trkpt lat="47.854898" lon="15.038153">
        <ele>607.632051</ele>
        <time>2026-09-28T10:18:01.068Z</time>
      </trkpt>
      <trkpt lat="47.855367" lon="15.037645">
        <ele>606.534660</ele>
        <time>2026-09-28T10:18:11.201Z</time>
      </trkpt>
      <trkpt lat="47.855815" lon="15.036917">
        <ele>605.288365</ele>
        <time>2026-09-28T10:18:23.569Z</time>
      </trkpt>
      <trkpt lat="47.856174" lon="15.036207">
        <ele>604.180864</ele>
        <time>2026-09-28T10:18:34.272Z</time>
      </trkpt>
      <trkpt lat="47.856306" lon="15.036008">
        <ele>603.832273</ele>
        <time>2026-09-28T10:18:37.641Z</time>
      </trkpt>
      <trkpt lat="47.856422" lon="15.035925">
        <ele>603.593375</ele>
        <time>2026-09-28T10:18:39.950Z</time>
      </trkpt>
      <trkpt lat="47.856447" lon="15.035957">
        <ele>603.532191</ele>
        <time>2026-09-28T10:18:40.527Z</time>
      </trkpt>
      <trkpt lat="47.856631" lon="15.036012">
        <ele>603.183777</ele>
        <time>2026-09-28T10:18:43.869Z</time>
      </trkpt>
      <trkpt lat="47.856870" lon="15.035986">
        <ele>602.738874</ele>
        <time>2026-09-28T10:18:48.110Z</time>
      </trkpt>
      <trkpt lat="47.857257" lon="15.035881">
        <ele>602.114298</ele>
        <time>2026-09-28T10:18:54.846Z</time>
      </trkpt>
      <trkpt lat="47.857403" lon="15.035809">
        <ele>601.911747</ele>
        <time>2026-09-28T10:18:57.543Z</time>
      </trkpt>
      <trkpt lat="47.857535" lon="15.035642">
        <ele>601.683694</ele>
        <time>2026-09-28T10:19:00.532Z</time>
      </trkpt>
      <trkpt lat="47.857915" lon="15.034789">
        <ele>600.778839</ele>
        <time>2026-09-28T10:19:13.257Z</time>
      </trkpt>
      <trkpt lat="47.857969" lon="15.034519">
        <ele>600.529854</ele>
        <time>2026-09-28T10:19:17.507Z</time>
      </trkpt>
      <trkpt lat="47.857993" lon="15.033910">
        <ele>599.996377</ele>
        <time>2026-09-28T10:19:27.848Z</time>
      </trkpt>
      <trkpt lat="47.858022" lon="15.033667">
        <ele>599.875229</ele>
        <time>2026-09-28T10:19:32.106Z</time>
      </trkpt>
      <trkpt lat="47.858034" lon="15.033625">
        <ele>599.852822</ele>
        <time>2026-09-28T10:19:32.873Z</time>
      </trkpt>
      <trkpt lat="47.858093" lon="15.033460">
        <ele>599.761049</ele>
        <time>2026-09-28T10:19:36.064Z</time>
      </trkpt>
      <trkpt lat="47.858140" lon="15.033345">
        <ele>599.694955</ele>
        <time>2026-09-28T10:19:38.363Z</time>
      </trkpt>
      <trkpt lat="47.858305" lon="15.032965">
        <ele>599.472783</ele>
        <time>2026-09-28T10:19:45.788Z</time>
      </trkpt>
      <trkpt lat="47.858421" lon="15.032796">
        <ele>599.354114</ele>
        <time>2026-09-28T10:19:49.619Z</time>
      </trkpt>
      <trkpt lat="47.858698" lon="15.032496">
        <ele>599.103622</ele>
        <time>2026-09-28T10:19:57.123Z</time>
      </trkpt>
      <trkpt lat="47.859484" lon="15.031758">
        <ele>598.085839</ele>
        <time>2026-09-28T10:20:13.843Z</time>
      </trkpt>
      <trkpt lat="47.859540" lon="15.031804">
        <ele>597.979049</ele>
        <time>2026-09-28T10:20:14.893Z</time>
      </trkpt>
      <trkpt lat="47.859642" lon="15.031932">
        <ele>597.756355</ele>
        <time>2026-09-28T10:20:17.130Z</time>
      </trkpt>
      <trkpt lat="47.859744" lon="15.032073">
        <ele>597.524011</ele>
        <time>2026-09-28T10:20:19.475Z</time>
      </trkpt>
      <trkpt lat="47.860002" lon="15.031871">
        <ele>597.037286</ele>
        <time>2026-09-28T10:20:24.294Z</time>
      </trkpt>
      <trkpt lat="47.860154" lon="15.031672">
        <ele>596.699398</ele>
        <time>2026-09-28T10:20:27.798Z</time>
      </trkpt>
      <trkpt lat="47.860199" lon="15.031590">
        <ele>596.580691</ele>
        <time>2026-09-28T10:20:29.105Z</time>
      </trkpt>
      <trkpt lat="47.860256" lon="15.031467">
        <ele>596.413184</ele>
        <time>2026-09-28T10:20:30.984Z</time>
      </trkpt>
      <trkpt lat="47.860439" lon="15.031064">
        <ele>595.867899</ele>
        <time>2026-09-28T10:20:37.963Z</time>
      </trkpt>
      <trkpt lat="47.860496" lon="15.030945">
        <ele>595.704060</ele>
        <time>2026-09-28T10:20:40.453Z</time>
      </trkpt>
      <trkpt lat="47.860519" lon="15.030895">
        <ele>595.711728</ele>
        <time>2026-09-28T10:20:41.499Z</time>
      </trkpt>
      <trkpt lat="47.860731" lon="15.030446">
        <ele>596.074378</ele>
        <time>2026-09-28T10:20:51.679Z</time>
      </trkpt>
      <trkpt lat="47.860961" lon="15.030111">
        <ele>596.390972</ele>
        <time>2026-09-28T10:21:01.178Z</time>
      </trkpt>
      <trkpt lat="47.861260" lon="15.029882">
        <ele>596.721919</ele>
        <time>2026-09-28T10:21:11.090Z</time>
      </trkpt>
      <trkpt lat="47.861386" lon="15.029851">
        <ele>596.847641</ele>
        <time>2026-09-28T10:21:14.729Z</time>
      </trkpt>
      <trkpt lat="47.861369" lon="15.029595">
        <ele>597.017558</ele>
        <time>2026-09-28T10:21:19.486Z</time>
      </trkpt>
      <trkpt lat="47.861304" lon="15.029330">
        <ele>597.203924</ele>
        <time>2026-09-28T10:21:24.400Z</time>
      </trkpt>
      <trkpt lat="47.861259" lon="15.029148">
        <ele>597.332040</ele>
        <time>2026-09-28T10:21:27.607Z</time>
      </trkpt>
      <trkpt lat="47.861139" lon="15.028596">
        <ele>597.417645</ele>
        <time>2026-09-28T10:21:36.274Z</time>
      </trkpt>
      <trkpt lat="47.861101" lon="15.028406">
        <ele>597.399191</ele>
        <time>2026-09-28T10:21:39.062Z</time>
      </trkpt>
      <trkpt lat="47.861047" lon="15.028076">
        <ele>597.367574</ele>
        <time>2026-09-28T10:21:43.804Z</time>
      </trkpt>
      <trkpt lat="47.860982" lon="15.027666">
        <ele>597.328360</ele>
        <time>2026-09-28T10:21:49.887Z</time>
      </trkpt>
      <trkpt lat="47.860958" lon="15.027501">
        <ele>597.312645</ele>
        <time>2026-09-28T10:21:52.368Z</time>
      </trkpt>
      <trkpt lat="47.860926" lon="15.027006">
        <ele>597.266358</ele>
        <time>2026-09-28T10:21:59.481Z</time>
      </trkpt>
      <trkpt lat="47.860934" lon="15.026871">
        <ele>597.253743</ele>
        <time>2026-09-28T10:22:01.455Z</time>
      </trkpt>
      <trkpt lat="47.860940" lon="15.026792">
        <ele>597.246343</ele>
        <time>2026-09-28T10:22:02.563Z</time>
      </trkpt>
      <trkpt lat="47.860942" lon="15.026748">
        <ele>597.242238</ele>
        <time>2026-09-28T10:22:03.187Z</time>
      </trkpt>
      <trkpt lat="47.860971" lon="15.026402">
        <ele>597.209782</ele>
        <time>2026-09-28T10:22:07.931Z</time>
      </trkpt>
      <trkpt lat="47.861006" lon="15.026001">
        <ele>597.294366</ele>
        <time>2026-09-28T10:22:13.464Z</time>
      </trkpt>
      <trkpt lat="47.861015" lon="15.025891">
        <ele>597.322560</ele>
        <time>2026-09-28T10:22:15.010Z</time>
      </trkpt>
      <trkpt lat="47.861064" lon="15.025166">
        <ele>597.507948</ele>
        <time>2026-09-28T10:22:26.353Z</time>
      </trkpt>
      <trkpt lat="47.861019" lon="15.024894">
        <ele>597.579224</ele>
        <time>2026-09-28T10:22:30.760Z</time>
      </trkpt>
      <trkpt lat="47.860964" lon="15.024796">
        <ele>597.611730</ele>
        <time>2026-09-28T10:22:32.618Z</time>
      </trkpt>
      <trkpt lat="47.861021" lon="15.024534">
        <ele>597.681805</ele>
        <time>2026-09-28T10:22:36.797Z</time>
      </trkpt>
      <trkpt lat="47.861164" lon="15.024199">
        <ele>597.782824</ele>
        <time>2026-09-28T10:22:42.796Z</time>
      </trkpt>
      <trkpt lat="47.861447" lon="15.023535">
        <ele>598.488250</ele>
        <time>2026-09-28T10:22:57.319Z</time>
      </trkpt>
      <trkpt lat="47.861693" lon="15.023093">
        <ele>599.403178</ele>
        <time>2026-09-28T10:23:10.455Z</time>
      </trkpt>
      <trkpt lat="47.861766" lon="15.022815">
        <ele>599.878789</ele>
        <time>2026-09-28T10:23:17.153Z</time>
      </trkpt>
      <trkpt lat="47.861853" lon="15.022126">
        <ele>600.995743</ele>
        <time>2026-09-28T10:23:33.422Z</time>
      </trkpt>
      <trkpt lat="47.861871" lon="15.022020">
        <ele>601.169943</ele>
        <time>2026-09-28T10:23:36.098Z</time>
      </trkpt>
      <trkpt lat="47.861899" lon="15.021926">
        <ele>601.333795</ele>
        <time>2026-09-28T10:23:38.530Z</time>
      </trkpt>
      <trkpt lat="47.862210" lon="15.021634">
        <ele>602.162229</ele>
        <time>2026-09-28T10:23:50.855Z</time>
      </trkpt>
      <trkpt lat="47.862306" lon="15.021452">
        <ele>602.194645</ele>
        <time>2026-09-28T10:23:55.683Z</time>
      </trkpt>
      <trkpt lat="47.862576" lon="15.020713">
        <ele>602.312465</ele>
        <time>2026-09-28T10:24:10.467Z</time>
      </trkpt>
      <trkpt lat="47.862921" lon="15.020358">
        <ele>602.399956</ele>
        <time>2026-09-28T10:24:19.405Z</time>
      </trkpt>
      <trkpt lat="47.862980" lon="15.020296">
        <ele>602.415021</ele>
        <time>2026-09-28T10:24:20.911Z</time>
      </trkpt>
      <trkpt lat="47.863417" lon="15.019625">
        <ele>602.524671</ele>
        <time>2026-09-28T10:24:32.661Z</time>
      </trkpt>
      <trkpt lat="47.863786" lon="15.019031">
        <ele>602.447041</ele>
        <time>2026-09-28T10:24:42.457Z</time>
      </trkpt>
      <trkpt lat="47.864787" lon="15.017608">
        <ele>602.586668</ele>
        <time>2026-09-28T10:25:15.102Z</time>
      </trkpt>
      <trkpt lat="47.865125" lon="15.017091">
        <ele>603.385228</ele>
        <time>2026-09-28T10:25:30.010Z</time>
      </trkpt>
      <trkpt lat="47.865286" lon="15.016896">
        <ele>603.727290</ele>
        <time>2026-09-28T10:25:36.393Z</time>
      </trkpt>
      <trkpt lat="47.865551" lon="15.016617">
        <ele>604.262253</ele>
        <time>2026-09-28T10:25:46.203Z</time>
      </trkpt>
      <trkpt lat="47.866163" lon="15.016286">
        <ele>605.372201</ele>
        <time>2026-09-28T10:26:05.331Z</time>
      </trkpt>
      <trkpt lat="47.866708" lon="15.015647">
        <ele>606.960120</ele>
        <time>2026-09-28T10:26:25.198Z</time>
      </trkpt>
      <trkpt lat="47.866787" lon="15.015562">
        <ele>607.183242</ele>
        <time>2026-09-28T10:26:28.049Z</time>
      </trkpt>
      <trkpt lat="47.866820" lon="15.015527">
        <ele>607.275992</ele>
        <time>2026-09-28T10:26:29.288Z</time>
      </trkpt>
      <trkpt lat="47.867225" lon="15.015128">
        <ele>608.387735</ele>
        <time>2026-09-28T10:26:45.618Z</time>
      </trkpt>
      <trkpt lat="47.867583" lon="15.014811">
        <ele>609.341319</ele>
        <time>2026-09-28T10:27:00.164Z</time>
      </trkpt>
      <trkpt lat="47.867998" lon="15.014498">
        <ele>610.011115</ele>
        <time>2026-09-28T10:27:15.809Z</time>
      </trkpt>
      <trkpt lat="47.868048" lon="15.014453">
        <ele>610.094290</ele>
        <time>2026-09-28T10:27:17.826Z</time>
      </trkpt>
      <trkpt lat="47.868118" lon="15.014361">
        <ele>610.227189</ele>
        <time>2026-09-28T10:27:20.619Z</time>
      </trkpt>
      <trkpt lat="47.868167" lon="15.014279">
        <ele>610.332099</ele>
        <time>2026-09-28T10:27:22.971Z</time>
      </trkpt>
      <trkpt lat="47.868312" lon="15.013956">
        <ele>610.703388</ele>
        <time>2026-09-28T10:27:30.358Z</time>
      </trkpt>
      <trkpt lat="47.868404" lon="15.013602">
        <ele>611.066065</ele>
        <time>2026-09-28T10:27:37.226Z</time>
      </trkpt>
      <trkpt lat="47.868639" lon="15.013225">
        <ele>611.557706</ele>
        <time>2026-09-28T10:27:45.462Z</time>
      </trkpt>
      <trkpt lat="47.868738" lon="15.013129">
        <ele>611.725895</ele>
        <time>2026-09-28T10:27:47.985Z</time>
      </trkpt>
      <trkpt lat="47.870239" lon="15.011893">
        <ele>611.613989</ele>
        <time>2026-09-28T10:28:23.679Z</time>
      </trkpt>
      <trkpt lat="47.871256" lon="15.011002">
        <ele>611.874752</ele>
        <time>2026-09-28T10:28:51.670Z</time>
      </trkpt>
      <trkpt lat="47.872226" lon="15.009940">
        <ele>612.739699</ele>
        <time>2026-09-28T10:29:20.220Z</time>
      </trkpt>
      <trkpt lat="47.872713" lon="15.009358">
        <ele>613.768915</ele>
        <time>2026-09-28T10:29:34.768Z</time>
      </trkpt>
      <trkpt lat="47.872892" lon="15.008979">
        <ele>614.281609</ele>
        <time>2026-09-28T10:29:43.757Z</time>
      </trkpt>
      <trkpt lat="47.872982" lon="15.008614">
        <ele>614.711742</ele>
        <time>2026-09-28T10:29:52.603Z</time>
      </trkpt>
      <trkpt lat="47.873004" lon="15.008021">
        <ele>615.987097</ele>
        <time>2026-09-28T10:30:08.126Z</time>
      </trkpt>
      <trkpt lat="47.872994" lon="15.007808">
        <ele>616.783016</ele>
        <time>2026-09-28T10:30:14.045Z</time>
      </trkpt>
      <trkpt lat="47.873002" lon="15.007748">
        <ele>617.011047</ele>
        <time>2026-09-28T10:30:15.917Z</time>
      </trkpt>
      <trkpt lat="47.873283" lon="15.007383">
        <ele>619.082179</ele>
        <time>2026-09-28T10:30:32.117Z</time>
      </trkpt>
      <trkpt lat="47.873424" lon="15.007136">
        <ele>620.291172</ele>
        <time>2026-09-28T10:30:42.130Z</time>
      </trkpt>
      <trkpt lat="47.873699" lon="15.006343">
        <ele>623.618791</ele>
        <time>2026-09-28T10:31:10.766Z</time>
      </trkpt>
      <trkpt lat="47.873799" lon="15.006125">
        <ele>624.603240</ele>
        <time>2026-09-28T10:31:19.314Z</time>
      </trkpt>
      <trkpt lat="47.874386" lon="15.005349">
        <ele>629.123297</ele>
        <time>2026-09-28T10:31:56.519Z</time>
      </trkpt>
      <trkpt lat="47.874773" lon="15.004500">
        <ele>633.108391</ele>
        <time>2026-09-28T10:32:26.918Z</time>
      </trkpt>
      <trkpt lat="47.875200" lon="15.003781">
        <ele>635.999221</ele>
        <time>2026-09-28T10:32:56.991Z</time>
      </trkpt>
      <trkpt lat="47.875290" lon="15.003511">
        <ele>636.429030</ele>
        <time>2026-09-28T10:33:05.401Z</time>
      </trkpt>
      <trkpt lat="47.875343" lon="15.002878">
        <ele>637.338408</ele>
        <time>2026-09-28T10:33:19.711Z</time>
      </trkpt>
      <trkpt lat="47.875451" lon="15.002337">
        <ele>638.143064</ele>
        <time>2026-09-28T10:33:29.184Z</time>
      </trkpt>
      <trkpt lat="47.875639" lon="15.001707">
        <ele>639.126030</ele>
        <time>2026-09-28T10:33:39.027Z</time>
      </trkpt>
      <trkpt lat="47.875719" lon="15.001555">
        <ele>639.318482</ele>
        <time>2026-09-28T10:33:41.717Z</time>
      </trkpt>
      <trkpt lat="47.875896" lon="15.001453">
        <ele>639.210421</ele>
        <time>2026-09-28T10:33:45.629Z</time>
      </trkpt>
      <trkpt lat="47.876095" lon="15.001460">
        <ele>639.097069</ele>
        <time>2026-09-28T10:33:49.620Z</time>
      </trkpt>
      <trkpt lat="47.876250" lon="15.001530">
        <ele>639.004844</ele>
        <time>2026-09-28T10:33:52.812Z</time>
      </trkpt>
      <trkpt lat="47.876595" lon="15.001824">
        <ele>638.778555</ele>
        <time>2026-09-28T10:34:00.882Z</time>
      </trkpt>
      <trkpt lat="47.877027" lon="15.002034">
        <ele>638.519807</ele>
        <time>2026-09-28T10:34:09.549Z</time>
      </trkpt>
      <trkpt lat="47.877400" lon="15.002360">
        <ele>638.424835</ele>
        <time>2026-09-28T10:34:18.171Z</time>
      </trkpt>
      <trkpt lat="47.877793" lon="15.002517">
        <ele>639.110906</ele>
        <time>2026-09-28T10:34:27.789Z</time>
      </trkpt>
      <trkpt lat="47.877886" lon="15.002561">
        <ele>639.275433</ele>
        <time>2026-09-28T10:34:30.233Z</time>
      </trkpt>
      <trkpt lat="47.878079" lon="15.002680">
        <ele>639.627610</ele>
        <time>2026-09-28T10:34:35.617Z</time>
      </trkpt>
      <trkpt lat="47.878409" lon="15.002942">
        <ele>640.258048</ele>
        <time>2026-09-28T10:34:45.675Z</time>
      </trkpt>
      <trkpt lat="47.878556" lon="15.003015">
        <ele>640.519313</ele>
        <time>2026-09-28T10:34:50.084Z</time>
      </trkpt>
      <trkpt lat="47.878729" lon="15.003057">
        <ele>640.814876</ele>
        <time>2026-09-28T10:34:55.749Z</time>
      </trkpt>
      <trkpt lat="47.879032" lon="15.003059">
        <ele>641.325813</ele>
        <time>2026-09-28T10:35:07.170Z</time>
      </trkpt>
      <trkpt lat="47.879160" lon="15.003099">
        <ele>641.795970</ele>
        <time>2026-09-28T10:35:12.717Z</time>
      </trkpt>
      <trkpt lat="47.879308" lon="15.003225">
        <ele>642.439176</ele>
        <time>2026-09-28T10:35:20.455Z</time>
      </trkpt>
      <trkpt lat="47.879582" lon="15.003579">
        <ele>643.807490</ele>
        <time>2026-09-28T10:35:37.461Z</time>
      </trkpt>
      <trkpt lat="47.879949" lon="15.003826">
        <ele>645.327146</ele>
        <time>2026-09-28T10:35:54.553Z</time>
      </trkpt>
      <trkpt lat="47.880340" lon="15.003930">
        <ele>646.826106</ele>
        <time>2026-09-28T10:36:09.141Z</time>
      </trkpt>
      <trkpt lat="47.881000" lon="15.003910">
        <ele>647.989831</ele>
        <time>2026-09-28T10:36:27.243Z</time>
      </trkpt>
      <trkpt lat="47.881119" lon="15.003950">
        <ele>647.934209</ele>
        <time>2026-09-28T10:36:30.072Z</time>
      </trkpt>
      <trkpt lat="47.881214" lon="15.004041">
        <ele>647.882724</ele>
        <time>2026-09-28T10:36:32.534Z</time>
      </trkpt>
      <trkpt lat="47.881295" lon="15.004193">
        <ele>647.823355</ele>
        <time>2026-09-28T10:36:35.250Z</time>
      </trkpt>
      <trkpt lat="47.881537" lon="15.004872">
        <ele>647.588216</ele>
        <time>2026-09-28T10:36:45.030Z</time>
      </trkpt>
      <trkpt lat="47.881696" lon="15.005050">
        <ele>647.497557</ele>
        <time>2026-09-28T10:36:48.508Z</time>
      </trkpt>
      <trkpt lat="47.881892" lon="15.005045">
        <ele>647.408174</ele>
        <time>2026-09-28T10:36:51.917Z</time>
      </trkpt>
      <trkpt lat="47.882314" lon="15.004798">
        <ele>647.554001</ele>
        <time>2026-09-28T10:37:00.170Z</time>
      </trkpt>
      <trkpt lat="47.882497" lon="15.004837">
        <ele>647.736555</ele>
        <time>2026-09-28T10:37:03.787Z</time>
      </trkpt>
      <trkpt lat="47.882632" lon="15.004945">
        <ele>647.887846</ele>
        <time>2026-09-28T10:37:07.166Z</time>
      </trkpt>
      <trkpt lat="47.882795" lon="15.005161">
        <ele>648.103193</ele>
        <time>2026-09-28T10:37:12.769Z</time>
      </trkpt>
      <trkpt lat="47.883164" lon="15.005777">
        <ele>648.650203</ele>
        <time>2026-09-28T10:37:29.238Z</time>
      </trkpt>
      <trkpt lat="47.883323" lon="15.005876">
        <ele>648.820359</ele>
        <time>2026-09-28T10:37:34.785Z</time>
      </trkpt>
      <trkpt lat="47.883541" lon="15.005843">
        <ele>649.036746</ele>
        <time>2026-09-28T10:37:42.337Z</time>
      </trkpt>
      <trkpt lat="47.883718" lon="15.005714">
        <ele>649.325690</ele>
        <time>2026-09-28T10:37:49.218Z</time>
      </trkpt>
      <trkpt lat="47.883942" lon="15.005377">
        <ele>649.848403</ele>
        <time>2026-09-28T10:37:59.936Z</time>
      </trkpt>
      <trkpt lat="47.884049" lon="15.005306">
        <ele>650.040789</ele>
        <time>2026-09-28T10:38:03.741Z</time>
      </trkpt>
      <trkpt lat="47.884163" lon="15.005286">
        <ele>650.229348</ele>
        <time>2026-09-28T10:38:07.376Z</time>
      </trkpt>
      <trkpt lat="47.884449" lon="15.005325">
        <ele>650.701118</ele>
        <time>2026-09-28T10:38:15.849Z</time>
      </trkpt>
      <trkpt lat="47.884616" lon="15.005391">
        <ele>650.984920</ele>
        <time>2026-09-28T10:38:20.340Z</time>
      </trkpt>
      <trkpt lat="47.885008" lon="15.005786">
        <ele>651.762097</ele>
        <time>2026-09-28T10:38:31.991Z</time>
      </trkpt>
      <trkpt lat="47.885270" lon="15.005951">
        <ele>652.153853</ele>
        <time>2026-09-28T10:38:38.847Z</time>
      </trkpt>
      <trkpt lat="47.885428" lon="15.006006">
        <ele>652.312073</ele>
        <time>2026-09-28T10:38:42.822Z</time>
      </trkpt>
      <trkpt lat="47.885626" lon="15.006124">
        <ele>652.520006</ele>
        <time>2026-09-28T10:38:48.167Z</time>
      </trkpt>
      <trkpt lat="47.885848" lon="15.006367">
        <ele>652.788558</ele>
        <time>2026-09-28T10:38:55.283Z</time>
      </trkpt>
      <trkpt lat="47.885983" lon="15.006450">
        <ele>652.930957</ele>
        <time>2026-09-28T10:38:59.037Z</time>
      </trkpt>
      <trkpt lat="47.886678" lon="15.006333">
        <ele>653.613006</ele>
        <time>2026-09-28T10:39:18.175Z</time>
      </trkpt>
      <trkpt lat="47.886823" lon="15.006345">
        <ele>653.754624</ele>
        <time>2026-09-28T10:39:22.317Z</time>
      </trkpt>
      <trkpt lat="47.886969" lon="15.006443">
        <ele>654.070562</ele>
        <time>2026-09-28T10:39:26.638Z</time>
      </trkpt>
      <trkpt lat="47.887101" lon="15.006671">
        <ele>654.545795</ele>
        <time>2026-09-28T10:39:31.888Z</time>
      </trkpt>
      <trkpt lat="47.887298" lon="15.007221">
        <ele>655.529563</ele>
        <time>2026-09-28T10:39:42.840Z</time>
      </trkpt>
      <trkpt lat="47.887384" lon="15.007394">
        <ele>655.869324</ele>
        <time>2026-09-28T10:39:46.879Z</time>
      </trkpt>
      <trkpt lat="47.887477" lon="15.007477">
        <ele>656.124319</ele>
        <time>2026-09-28T10:39:50.037Z</time>
      </trkpt>
      <trkpt lat="47.887620" lon="15.007488">
        <ele>656.461205</ele>
        <time>2026-09-28T10:39:54.428Z</time>
      </trkpt>
      <trkpt lat="47.887718" lon="15.007423">
        <ele>656.713550</ele>
        <time>2026-09-28T10:39:57.939Z</time>
      </trkpt>
      <trkpt lat="47.888055" lon="15.007017">
        <ele>657.732831</ele>
        <time>2026-09-28T10:40:13.851Z</time>
      </trkpt>
      <trkpt lat="47.888800" lon="15.005977">
        <ele>660.791489</ele>
        <time>2026-09-28T10:40:56.543Z</time>
      </trkpt>
      <trkpt lat="47.888990" lon="15.005773">
        <ele>661.514475</ele>
        <time>2026-09-28T10:41:05.623Z</time>
      </trkpt>
      <trkpt lat="47.889316" lon="15.005530">
        <ele>662.639939</ele>
        <time>2026-09-28T10:41:16.492Z</time>
      </trkpt>
      <trkpt lat="47.889561" lon="15.005380">
        <ele>663.457795</ele>
        <time>2026-09-28T10:41:23.430Z</time>
      </trkpt>
      <trkpt lat="47.890076" lon="15.005248">
        <ele>663.684778</ele>
        <time>2026-09-28T10:41:34.048Z</time>
      </trkpt>
      <trkpt lat="47.890393" lon="15.005270">
        <ele>663.751375</ele>
        <time>2026-09-28T10:41:40.195Z</time>
      </trkpt>
      <trkpt lat="47.891091" lon="15.005655">
        <ele>663.907553</ele>
        <time>2026-09-28T10:41:55.056Z</time>
      </trkpt>
      <trkpt lat="47.891757" lon="15.005846">
        <ele>665.178426</ele>
        <time>2026-09-28T10:42:17.488Z</time>
      </trkpt>
      <trkpt lat="47.891914" lon="15.005845">
        <ele>665.630343</ele>
        <time>2026-09-28T10:42:22.391Z</time>
      </trkpt>
      <trkpt lat="47.892075" lon="15.005798">
        <ele>666.102565</ele>
        <time>2026-09-28T10:42:27.369Z</time>
      </trkpt>
      <trkpt lat="47.892225" lon="15.005694">
        <ele>666.578708</ele>
        <time>2026-09-28T10:42:32.366Z</time>
      </trkpt>
      <trkpt lat="47.892325" lon="15.005579">
        <ele>666.942189</ele>
        <time>2026-09-28T10:42:36.139Z</time>
      </trkpt>
      <trkpt lat="47.892382" lon="15.005495">
        <ele>667.172848</ele>
        <time>2026-09-28T10:42:38.822Z</time>
      </trkpt>
      <trkpt lat="47.892450" lon="15.005411">
        <ele>667.427005</ele>
        <time>2026-09-28T10:42:41.916Z</time>
      </trkpt>
      <trkpt lat="47.892544" lon="15.005359">
        <ele>667.715592</ele>
        <time>2026-09-28T10:42:45.469Z</time>
      </trkpt>
      <trkpt lat="47.892619" lon="15.005361">
        <ele>667.931508</ele>
        <time>2026-09-28T10:42:48.430Z</time>
      </trkpt>
      <trkpt lat="47.892724" lon="15.005428">
        <ele>668.260245</ele>
        <time>2026-09-28T10:42:52.793Z</time>
      </trkpt>
      <trkpt lat="47.892800" lon="15.005578">
        <ele>668.623109</ele>
        <time>2026-09-28T10:42:57.970Z</time>
      </trkpt>
      <trkpt lat="47.892824" lon="15.005934">
        <ele>669.545194</ele>
        <time>2026-09-28T10:43:07.609Z</time>
      </trkpt>
      <trkpt lat="47.892921" lon="15.006215">
        <ele>670.960955</ele>
        <time>2026-09-28T10:43:15.839Z</time>
      </trkpt>
      <trkpt lat="47.893057" lon="15.006717">
        <ele>673.386283</ele>
        <time>2026-09-28T10:43:31.080Z</time>
      </trkpt>
      <trkpt lat="47.893155" lon="15.006948">
        <ele>674.610774</ele>
        <time>2026-09-28T10:43:39.151Z</time>
      </trkpt>
      <trkpt lat="47.893265" lon="15.007084">
        <ele>675.565331</ele>
        <time>2026-09-28T10:43:46.448Z</time>
      </trkpt>
      <trkpt lat="47.893390" lon="15.007176">
        <ele>676.496568</ele>
        <time>2026-09-28T10:43:54.299Z</time>
      </trkpt>
      <trkpt lat="47.893847" lon="15.007423">
        <ele>679.743938</ele>
        <time>2026-09-28T10:44:24.005Z</time>
      </trkpt>
      <trkpt lat="47.893968" lon="15.007589">
        <ele>680.842286</ele>
        <time>2026-09-28T10:44:33.487Z</time>
      </trkpt>
      <trkpt lat="47.894012" lon="15.007688">
        <ele>681.306994</ele>
        <time>2026-09-28T10:44:37.879Z</time>
      </trkpt>
      <trkpt lat="47.894178" lon="15.008505">
        <ele>683.959476</ele>
        <time>2026-09-28T10:45:06.869Z</time>
      </trkpt>
      <trkpt lat="47.895617" lon="15.011032">
        <ele>692.496346</ele>
        <time>2026-09-28T10:46:22.480Z</time>
      </trkpt>
      <trkpt lat="47.895863" lon="15.011576">
        <ele>693.781208</ele>
        <time>2026-09-28T10:46:37.013Z</time>
      </trkpt>
      <trkpt lat="47.896067" lon="15.012125">
        <ele>694.994195</ele>
        <time>2026-09-28T10:46:51.326Z</time>
      </trkpt>
      <trkpt lat="47.896418" lon="15.013440">
        <ele>697.599324</ele>
        <time>2026-09-28T10:47:24.121Z</time>
      </trkpt>
      <trkpt lat="47.896529" lon="15.013906">
        <ele>698.509556</ele>
        <time>2026-09-28T10:47:35.200Z</time>
      </trkpt>
      <trkpt lat="47.896538" lon="15.014198">
        <ele>699.047574</ele>
        <time>2026-09-28T10:47:41.500Z</time>
      </trkpt>
      <trkpt lat="47.896434" lon="15.015249">
        <ele>699.995177</ele>
        <time>2026-09-28T10:48:03.198Z</time>
      </trkpt>
      <trkpt lat="47.896291" lon="15.016006">
        <ele>700.340054</ele>
        <time>2026-09-28T10:48:18.040Z</time>
      </trkpt>
      <trkpt lat="47.895904" lon="15.017639">
        <ele>699.632566</ele>
        <time>2026-09-28T10:48:41.816Z</time>
      </trkpt>
      <trkpt lat="47.895404" lon="15.019084">
        <ele>696.044645</ele>
        <time>2026-09-28T10:48:59.342Z</time>
      </trkpt>
      <trkpt lat="47.895364" lon="15.019200">
        <ele>695.756826</ele>
        <time>2026-09-28T10:49:00.626Z</time>
      </trkpt>
      <trkpt lat="47.894960" lon="15.020393">
        <ele>691.865228</ele>
        <time>2026-09-28T10:49:13.767Z</time>
      </trkpt>
      <trkpt lat="47.894843" lon="15.020619">
        <ele>690.956347</ele>
        <time>2026-09-28T10:49:16.593Z</time>
      </trkpt>
      <trkpt lat="47.894715" lon="15.020805">
        <ele>690.107923</ele>
        <time>2026-09-28T10:49:19.239Z</time>
      </trkpt>
      <trkpt lat="47.894005" lon="15.021586">
        <ele>685.995910</ele>
        <time>2026-09-28T10:49:33.197Z</time>
      </trkpt>
      <trkpt lat="47.893786" lon="15.021866">
        <ele>684.844934</ele>
        <time>2026-09-28T10:49:38.168Z</time>
      </trkpt>
      <trkpt lat="47.893662" lon="15.022170">
        <ele>683.892941</ele>
        <time>2026-09-28T10:49:42.211Z</time>
      </trkpt>
      <trkpt lat="47.893581" lon="15.022519">
        <ele>682.904872</ele>
        <time>2026-09-28T10:49:46.225Z</time>
      </trkpt>
      <trkpt lat="47.893484" lon="15.023031">
        <ele>681.481436</ele>
        <time>2026-09-28T10:49:51.860Z</time>
      </trkpt>
      <trkpt lat="47.893351" lon="15.023539">
        <ele>680.022394</ele>
        <time>2026-09-28T10:49:57.433Z</time>
      </trkpt>
      <trkpt lat="47.893071" lon="15.024169">
        <ele>677.397168</ele>
        <time>2026-09-28T10:50:04.911Z</time>
      </trkpt>
      <trkpt lat="47.893034" lon="15.024367">
        <ele>676.575669</ele>
        <time>2026-09-28T10:50:06.915Z</time>
      </trkpt>
      <trkpt lat="47.893054" lon="15.024799">
        <ele>674.844994</ele>
        <time>2026-09-28T10:50:11.129Z</time>
      </trkpt>
      <trkpt lat="47.893138" lon="15.025291">
        <ele>672.815887</ele>
        <time>2026-09-28T10:50:16.088Z</time>
      </trkpt>
      <trkpt lat="47.893121" lon="15.025815">
        <ele>670.719182</ele>
        <time>2026-09-28T10:50:21.249Z</time>
      </trkpt>
      <trkpt lat="47.892927" lon="15.027116">
        <ele>664.630521</ele>
        <time>2026-09-28T10:50:34.401Z</time>
      </trkpt>
      <trkpt lat="47.892921" lon="15.027501">
        <ele>662.714038</ele>
        <time>2026-09-28T10:50:38.108Z</time>
      </trkpt>
      <trkpt lat="47.892985" lon="15.028211">
        <ele>659.148917</ele>
        <time>2026-09-28T10:50:44.843Z</time>
      </trkpt>
      <trkpt lat="47.892986" lon="15.028528">
        <ele>657.571340</ele>
        <time>2026-09-28T10:50:47.778Z</time>
      </trkpt>
      <trkpt lat="47.892947" lon="15.028936">
        <ele>655.520388</ele>
        <time>2026-09-28T10:50:51.554Z</time>
      </trkpt>
      <trkpt lat="47.892859" lon="15.029508">
        <ele>653.390811</ele>
        <time>2026-09-28T10:50:56.986Z</time>
      </trkpt>
      <trkpt lat="47.892851" lon="15.029786">
        <ele>652.435391</ele>
        <time>2026-09-28T10:50:59.642Z</time>
      </trkpt>
      <trkpt lat="47.892908" lon="15.030563">
        <ele>649.751562</ele>
        <time>2026-09-28T10:51:07.402Z</time>
      </trkpt>
      <trkpt lat="47.892887" lon="15.030754">
        <ele>649.086985</ele>
        <time>2026-09-28T10:51:09.425Z</time>
      </trkpt>
      <trkpt lat="47.892876" lon="15.030865">
        <ele>648.701715</ele>
        <time>2026-09-28T10:51:10.631Z</time>
      </trkpt>
      <trkpt lat="47.892665" lon="15.031436">
        <ele>646.463104</ele>
        <time>2026-09-28T10:51:18.025Z</time>
      </trkpt>
      <trkpt lat="47.892639" lon="15.031706">
        <ele>645.738814</ele>
        <time>2026-09-28T10:51:21.434Z</time>
      </trkpt>
      <trkpt lat="47.892630" lon="15.032476">
        <ele>644.450593</ele>
        <time>2026-09-28T10:51:32.540Z</time>
      </trkpt>
      <trkpt lat="47.892530" lon="15.033007">
        <ele>643.527989</ele>
        <time>2026-09-28T10:51:39.526Z</time>
      </trkpt>
      <trkpt lat="47.892526" lon="15.033142">
        <ele>643.301945</ele>
        <time>2026-09-28T10:51:41.019Z</time>
      </trkpt>
      <trkpt lat="47.892730" lon="15.034385">
        <ele>640.809131</ele>
        <time>2026-09-28T10:51:54.535Z</time>
      </trkpt>
      <trkpt lat="47.892815" lon="15.035164">
        <ele>637.896882</ele>
        <time>2026-09-28T10:52:02.563Z</time>
      </trkpt>
      <trkpt lat="47.892802" lon="15.035441">
        <ele>636.872278</ele>
        <time>2026-09-28T10:52:05.331Z</time>
      </trkpt>
      <trkpt lat="47.892742" lon="15.035769">
        <ele>635.617758</ele>
        <time>2026-09-28T10:52:08.679Z</time>
      </trkpt>
      <trkpt lat="47.892649" lon="15.036078">
        <ele>634.367982</ele>
        <time>2026-09-28T10:52:11.982Z</time>
      </trkpt>
      <trkpt lat="47.892619" lon="15.036373">
        <ele>633.267008</ele>
        <time>2026-09-28T10:52:14.876Z</time>
      </trkpt>
      <trkpt lat="47.892693" lon="15.036762">
        <ele>631.774983</ele>
        <time>2026-09-28T10:52:18.827Z</time>
      </trkpt>
      <trkpt lat="47.892865" lon="15.037231">
        <ele>629.323881</ele>
        <time>2026-09-28T10:52:24.078Z</time>
      </trkpt>
      <trkpt lat="47.892977" lon="15.037714">
        <ele>626.923213</ele>
        <time>2026-09-28T10:52:29.042Z</time>
      </trkpt>
      <trkpt lat="47.892996" lon="15.038186">
        <ele>624.702068</ele>
        <time>2026-09-28T10:52:33.578Z</time>
      </trkpt>
      <trkpt lat="47.892938" lon="15.038577">
        <ele>622.820992</ele>
        <time>2026-09-28T10:52:37.379Z</time>
      </trkpt>
      <trkpt lat="47.892778" lon="15.039109">
        <ele>620.082123</ele>
        <time>2026-09-28T10:52:42.918Z</time>
      </trkpt>
      <trkpt lat="47.892823" lon="15.039625">
        <ele>617.463755</ele>
        <time>2026-09-28T10:52:47.847Z</time>
      </trkpt>
      <trkpt lat="47.892832" lon="15.040093">
        <ele>614.973732</ele>
        <time>2026-09-28T10:52:52.260Z</time>
      </trkpt>
      <trkpt lat="47.892769" lon="15.040992">
        <ele>610.166468</ele>
        <time>2026-09-28T10:53:00.679Z</time>
      </trkpt>
      <trkpt lat="47.892789" lon="15.041557">
        <ele>607.157398</ele>
        <time>2026-09-28T10:53:05.974Z</time>
      </trkpt>
      <trkpt lat="47.892883" lon="15.042120">
        <ele>604.289897</ele>
        <time>2026-09-28T10:53:11.472Z</time>
      </trkpt>
      <trkpt lat="47.892949" lon="15.042770">
        <ele>602.030321</ele>
        <time>2026-09-28T10:53:17.741Z</time>
      </trkpt>
      <trkpt lat="47.892960" lon="15.042875">
        <ele>601.665048</ele>
        <time>2026-09-28T10:53:18.768Z</time>
      </trkpt>
      <trkpt lat="47.893036" lon="15.044750">
        <ele>595.348467</ele>
        <time>2026-09-28T10:53:38.159Z</time>
      </trkpt>
      <trkpt lat="47.892985" lon="15.045131">
        <ele>594.730997</ele>
        <time>2026-09-28T10:53:43.065Z</time>
      </trkpt>
      <trkpt lat="47.892766" lon="15.046063">
        <ele>593.161449</ele>
        <time>2026-09-28T10:53:55.955Z</time>
      </trkpt>
      <trkpt lat="47.892706" lon="15.046548">
        <ele>592.377627</ele>
        <time>2026-09-28T10:54:02.325Z</time>
      </trkpt>
      <trkpt lat="47.892723" lon="15.047044">
        <ele>591.588303</ele>
        <time>2026-09-28T10:54:08.122Z</time>
      </trkpt>
      <trkpt lat="47.892612" lon="15.047740">
        <ele>589.164046</ele>
        <time>2026-09-28T10:54:15.505Z</time>
      </trkpt>
      <trkpt lat="47.892615" lon="15.048187">
        <ele>587.240856</ele>
        <time>2026-09-28T10:54:19.824Z</time>
      </trkpt>
      <trkpt lat="47.892672" lon="15.048573">
        <ele>585.540405</ele>
        <time>2026-09-28T10:54:23.550Z</time>
      </trkpt>
      <trkpt lat="47.892790" lon="15.048898">
        <ele>583.950361</ele>
        <time>2026-09-28T10:54:27.030Z</time>
      </trkpt>
      <trkpt lat="47.892889" lon="15.049126">
        <ele>582.781748</ele>
        <time>2026-09-28T10:54:29.589Z</time>
      </trkpt>
      <trkpt lat="47.893208" lon="15.049652">
        <ele>579.730480</ele>
        <time>2026-09-28T10:54:36.360Z</time>
      </trkpt>
      <trkpt lat="47.893321" lon="15.049950">
        <ele>578.409657</ele>
        <time>2026-09-28T10:54:39.662Z</time>
      </trkpt>
      <trkpt lat="47.893365" lon="15.050316">
        <ele>576.982784</ele>
        <time>2026-09-28T10:54:43.286Z</time>
      </trkpt>
      <trkpt lat="47.893406" lon="15.051023">
        <ele>574.259637</ele>
        <time>2026-09-28T10:54:50.355Z</time>
      </trkpt>
      <trkpt lat="47.893590" lon="15.051884">
        <ele>570.791917</ele>
        <time>2026-09-28T10:54:59.692Z</time>
      </trkpt>
      <trkpt lat="47.893778" lon="15.052494">
        <ele>568.128127</ele>
        <time>2026-09-28T10:55:06.504Z</time>
      </trkpt>
      <trkpt lat="47.893809" lon="15.052706">
        <ele>567.232384</ele>
        <time>2026-09-28T10:55:08.558Z</time>
      </trkpt>
      <trkpt lat="47.893832" lon="15.053509">
        <ele>563.914438</ele>
        <time>2026-09-28T10:55:16.179Z</time>
      </trkpt>
      <trkpt lat="47.893906" lon="15.053888">
        <ele>562.284876</ele>
        <time>2026-09-28T10:55:20.006Z</time>
      </trkpt>
      <trkpt lat="47.894040" lon="15.054158">
        <ele>560.898160</ele>
        <time>2026-09-28T10:55:23.271Z</time>
      </trkpt>
      <trkpt lat="47.894092" lon="15.054202">
        <ele>560.530069</ele>
        <time>2026-09-28T10:55:24.162Z</time>
      </trkpt>
      <trkpt lat="47.894168" lon="15.054291">
        <ele>559.935147</ele>
        <time>2026-09-28T10:55:25.568Z</time>
      </trkpt>
      <trkpt lat="47.894645" lon="15.054864">
        <ele>556.934129</ele>
        <time>2026-09-28T10:55:34.642Z</time>
      </trkpt>
      <trkpt lat="47.895517" lon="15.056102">
        <ele>552.197263</ele>
        <time>2026-09-28T10:55:54.209Z</time>
      </trkpt>
      <trkpt lat="47.895850" lon="15.056514">
        <ele>550.613353</ele>
        <time>2026-09-28T10:56:01.088Z</time>
      </trkpt>
      <trkpt lat="47.896031" lon="15.056802">
        <ele>549.742000</ele>
        <time>2026-09-28T10:56:05.300Z</time>
      </trkpt>
      <trkpt lat="47.896315" lon="15.057486">
        <ele>547.966074</ele>
        <time>2026-09-28T10:56:13.913Z</time>
      </trkpt>
      <trkpt lat="47.897450" lon="15.058904">
        <ele>543.531770</ele>
        <time>2026-09-28T10:56:38.506Z</time>
      </trkpt>
      <trkpt lat="47.898114" lon="15.059840">
        <ele>541.123705</ele>
        <time>2026-09-28T10:56:53.448Z</time>
      </trkpt>
      <trkpt lat="47.898321" lon="15.060234">
        <ele>540.703418</ele>
        <time>2026-09-28T10:56:59.344Z</time>
      </trkpt>
      <trkpt lat="47.898645" lon="15.060568">
        <ele>541.176639</ele>
        <time>2026-09-28T10:57:07.270Z</time>
      </trkpt>
      <trkpt lat="47.899066" lon="15.061157">
        <ele>541.870175</ele>
        <time>2026-09-28T10:57:23.057Z</time>
      </trkpt>
      <trkpt lat="47.899333" lon="15.061459">
        <ele>542.272788</ele>
        <time>2026-09-28T10:57:34.558Z</time>
      </trkpt>
      <trkpt lat="47.899836" lon="15.061864">
        <ele>543.008138</ele>
        <time>2026-09-28T10:57:55.890Z</time>
      </trkpt>
      <trkpt lat="47.900044" lon="15.062300">
        <ele>543.526239</ele>
        <time>2026-09-28T10:58:08.144Z</time>
      </trkpt>
      <trkpt lat="47.900180" lon="15.062505">
        <ele>543.805469</ele>
        <time>2026-09-28T10:58:14.312Z</time>
      </trkpt>
      <trkpt lat="47.900439" lon="15.062763">
        <ele>544.255247</ele>
        <time>2026-09-28T10:58:23.593Z</time>
      </trkpt>
      <trkpt lat="47.900910" lon="15.063550">
        <ele>545.276645</ele>
        <time>2026-09-28T10:58:41.442Z</time>
      </trkpt>
      <trkpt lat="47.901052" lon="15.063891">
        <ele>544.152889</ele>
        <time>2026-09-28T10:58:46.198Z</time>
      </trkpt>
      <trkpt lat="47.901309" lon="15.064302">
        <ele>542.336491</ele>
        <time>2026-09-28T10:58:52.197Z</time>
      </trkpt>
      <trkpt lat="47.901534" lon="15.064595">
        <ele>540.896641</ele>
        <time>2026-09-28T10:58:56.713Z</time>
      </trkpt>
      <trkpt lat="47.901812" lon="15.064864">
        <ele>539.299200</ele>
        <time>2026-09-28T10:59:01.553Z</time>
      </trkpt>
      <trkpt lat="47.901952" lon="15.065053">
        <ele>538.388934</ele>
        <time>2026-09-28T10:59:04.263Z</time>
      </trkpt>
      <trkpt lat="47.902032" lon="15.065277">
        <ele>537.568690</ele>
        <time>2026-09-28T10:59:06.685Z</time>
      </trkpt>
      <trkpt lat="47.902245" lon="15.066088">
        <ele>534.232527</ele>
        <time>2026-09-28T10:59:14.885Z</time>
      </trkpt>
      <trkpt lat="47.902325" lon="15.066303">
        <ele>533.218938</ele>
        <time>2026-09-28T10:59:17.224Z</time>
      </trkpt>
      <trkpt lat="47.903947" lon="15.068840">
        <ele>518.622349</ele>
        <time>2026-09-28T10:59:52.203Z</time>
      </trkpt>
      <trkpt lat="47.904474" lon="15.069549">
        <ele>514.146326</ele>
        <time>2026-09-28T11:00:02.339Z</time>
      </trkpt>
      <trkpt lat="47.905153" lon="15.070123">
        <ele>508.499004</ele>
        <time>2026-09-28T11:00:13.172Z</time>
      </trkpt>
      <trkpt lat="47.905354" lon="15.070262">
        <ele>506.895889</ele>
        <time>2026-09-28T11:00:16.244Z</time>
      </trkpt>
      <trkpt lat="47.906109" lon="15.070451">
        <ele>501.356341</ele>
        <time>2026-09-28T11:00:27.186Z</time>
      </trkpt>
      <trkpt lat="47.907332" lon="15.070982">
        <ele>497.052577</ele>
        <time>2026-09-28T11:00:48.038Z</time>
      </trkpt>
      <trkpt lat="47.907635" lon="15.071062">
        <ele>496.023348</ele>
        <time>2026-09-28T11:00:53.417Z</time>
      </trkpt>
      <trkpt lat="47.907806" lon="15.071089">
        <ele>495.448190</ele>
        <time>2026-09-28T11:00:56.373Z</time>
      </trkpt>
      <trkpt lat="47.908232" lon="15.071043">
        <ele>494.444693</ele>
        <time>2026-09-28T11:01:03.628Z</time>
      </trkpt>
      <trkpt lat="47.908865" lon="15.070810">
        <ele>493.011530</ele>
        <time>2026-09-28T11:01:14.436Z</time>
      </trkpt>
      <trkpt lat="47.909994" lon="15.070483">
        <ele>491.102652</ele>
        <time>2026-09-28T11:01:35.197Z</time>
      </trkpt>
      <trkpt lat="47.910116" lon="15.070542">
        <ele>491.032968</ele>
        <time>2026-09-28T11:01:37.752Z</time>
      </trkpt>
      <trkpt lat="47.910212" lon="15.070664">
        <ele>490.964447</ele>
        <time>2026-09-28T11:01:40.343Z</time>
      </trkpt>
      <trkpt lat="47.910279" lon="15.070938">
        <ele>490.858223</ele>
        <time>2026-09-28T11:01:44.510Z</time>
      </trkpt>
      <trkpt lat="47.910293" lon="15.071184">
        <ele>490.768308</ele>
        <time>2026-09-28T11:01:48.238Z</time>
      </trkpt>
      <trkpt lat="47.910957" lon="15.071327">
        <ele>490.403786</ele>
        <time>2026-09-28T11:02:04.222Z</time>
      </trkpt>
      <trkpt lat="47.911291" lon="15.071451">
        <ele>489.836821</ele>
        <time>2026-09-28T11:02:12.464Z</time>
      </trkpt>
      <trkpt lat="47.912240" lon="15.072236">
        <ele>487.245237</ele>
        <time>2026-09-28T11:02:31.041Z</time>
      </trkpt>
      <trkpt lat="47.912646" lon="15.072428">
        <ele>486.228029</ele>
        <time>2026-09-28T11:02:37.726Z</time>
      </trkpt>
      <trkpt lat="47.913003" lon="15.072506">
        <ele>484.997249</ele>
        <time>2026-09-28T11:02:43.342Z</time>
      </trkpt>
      <trkpt lat="47.913609" lon="15.072613">
        <ele>482.732963</ele>
        <time>2026-09-28T11:02:52.725Z</time>
      </trkpt>
      <trkpt lat="47.913905" lon="15.072733">
        <ele>481.594815</ele>
        <time>2026-09-28T11:02:57.480Z</time>
      </trkpt>
      <trkpt lat="47.914276" lon="15.073017">
        <ele>480.047582</ele>
        <time>2026-09-28T11:03:04.304Z</time>
      </trkpt>
      <trkpt lat="47.914507" lon="15.073291">
        <ele>479.001977</ele>
        <time>2026-09-28T11:03:09.415Z</time>
      </trkpt>
      <trkpt lat="47.914671" lon="15.073547">
        <ele>478.228322</ele>
        <time>2026-09-28T11:03:13.616Z</time>
      </trkpt>
      <trkpt lat="47.914725" lon="15.073647">
        <ele>477.947773</ele>
        <time>2026-09-28T11:03:15.085Z</time>
      </trkpt>
      <trkpt lat="47.914832" lon="15.073849">
        <ele>477.385292</ele>
        <time>2026-09-28T11:03:18.019Z</time>
      </trkpt>
      <trkpt lat="47.914984" lon="15.074141">
        <ele>476.577576</ele>
        <time>2026-09-28T11:03:22.113Z</time>
      </trkpt>
      <trkpt lat="47.915247" lon="15.074634">
        <ele>475.201034</ele>
        <time>2026-09-28T11:03:28.878Z</time>
      </trkpt>
      <trkpt lat="47.915642" lon="15.075268">
        <ele>473.219185</ele>
        <time>2026-09-28T11:03:38.014Z</time>
      </trkpt>
      <trkpt lat="47.915822" lon="15.075513">
        <ele>472.037828</ele>
        <time>2026-09-28T11:03:41.850Z</time>
      </trkpt>
      <trkpt lat="47.916168" lon="15.075904">
        <ele>469.933319</ele>
        <time>2026-09-28T11:03:48.439Z</time>
      </trkpt>
      <trkpt lat="47.917015" lon="15.076541">
        <ele>465.334300</ele>
        <time>2026-09-28T11:04:02.599Z</time>
      </trkpt>
      <trkpt lat="47.917254" lon="15.076846">
        <ele>463.969046</ele>
        <time>2026-09-28T11:04:07.369Z</time>
      </trkpt>
      <trkpt lat="47.917527" lon="15.077387">
        <ele>462.132111</ele>
        <time>2026-09-28T11:04:14.305Z</time>
      </trkpt>
      <trkpt lat="47.917740" lon="15.077724">
        <ele>460.875612</ele>
        <time>2026-09-28T11:04:19.077Z</time>
      </trkpt>
      <trkpt lat="47.917976" lon="15.077977">
        <ele>459.699473</ele>
        <time>2026-09-28T11:04:23.589Z</time>
      </trkpt>
      <trkpt lat="47.918288" lon="15.078159">
        <ele>458.343638</ele>
        <time>2026-09-28T11:04:28.988Z</time>
      </trkpt>
      <trkpt lat="47.918853" lon="15.078405">
        <ele>456.747269</ele>
        <time>2026-09-28T11:04:39.046Z</time>
      </trkpt>
      <trkpt lat="47.919839" lon="15.078737">
        <ele>454.751754</ele>
        <time>2026-09-28T11:04:56.626Z</time>
      </trkpt>
      <trkpt lat="47.920024" lon="15.078830">
        <ele>454.366356</ele>
        <time>2026-09-28T11:05:00.348Z</time>
      </trkpt>
      <trkpt lat="47.920251" lon="15.078984">
        <ele>453.897506</ele>
        <time>2026-09-28T11:05:05.445Z</time>
      </trkpt>
      <trkpt lat="47.920414" lon="15.079121">
        <ele>453.650873</ele>
        <time>2026-09-28T11:05:09.010Z</time>
      </trkpt>
      <trkpt lat="47.920574" lon="15.079286">
        <ele>453.394467</ele>
        <time>2026-09-28T11:05:12.567Z</time>
      </trkpt>
      <trkpt lat="47.921078" lon="15.079933">
        <ele>452.517979</ele>
        <time>2026-09-28T11:05:26.593Z</time>
      </trkpt>
      <trkpt lat="47.921387" lon="15.080329">
        <ele>451.980997</ele>
        <time>2026-09-28T11:05:34.236Z</time>
      </trkpt>
      <trkpt lat="47.921625" lon="15.080640">
        <ele>451.549172</ele>
        <time>2026-09-28T11:05:39.751Z</time>
      </trkpt>
      <trkpt lat="47.921822" lon="15.080892">
        <ele>450.673846</ele>
        <time>2026-09-28T11:05:44.024Z</time>
      </trkpt>
      <trkpt lat="47.922072" lon="15.081212">
        <ele>449.562730</ele>
        <time>2026-09-28T11:05:49.156Z</time>
      </trkpt>
      <trkpt lat="47.922317" lon="15.081477">
        <ele>448.541957</ele>
        <time>2026-09-28T11:05:54.026Z</time>
      </trkpt>
      <trkpt lat="47.922848" lon="15.081862">
        <ele>446.550420</ele>
        <time>2026-09-28T11:06:03.084Z</time>
      </trkpt>
      <trkpt lat="47.923487" lon="15.082163">
        <ele>444.684578</ele>
        <time>2026-09-28T11:06:14.345Z</time>
      </trkpt>
      <trkpt lat="47.923670" lon="15.082234">
        <ele>444.253742</ele>
        <time>2026-09-28T11:06:17.663Z</time>
      </trkpt>
      <trkpt lat="47.923701" lon="15.082142">
        <ele>444.096509</ele>
        <time>2026-09-28T11:06:18.926Z</time>
      </trkpt>
      <trkpt lat="47.923731" lon="15.082066">
        <ele>443.961829</ele>
        <time>2026-09-28T11:06:20.036Z</time>
      </trkpt>
      <trkpt lat="47.923853" lon="15.082059">
        <ele>443.683642</ele>
        <time>2026-09-28T11:06:22.315Z</time>
      </trkpt>
      <trkpt lat="47.924329" lon="15.082464">
        <ele>442.435152</ele>
        <time>2026-09-28T11:06:32.634Z</time>
      </trkpt>
      <trkpt lat="47.924462" lon="15.082612">
        <ele>442.057127</ele>
        <time>2026-09-28T11:06:35.697Z</time>
      </trkpt>
      <trkpt lat="47.924599" lon="15.082763">
        <ele>441.669054</ele>
        <time>2026-09-28T11:06:38.786Z</time>
      </trkpt>
      <trkpt lat="47.924853" lon="15.083019">
        <ele>440.973520</ele>
        <time>2026-09-28T11:06:44.269Z</time>
      </trkpt>
      <trkpt lat="47.925078" lon="15.083360">
        <ele>440.247585</ele>
        <time>2026-09-28T11:06:49.699Z</time>
      </trkpt>
      <trkpt lat="47.925476" lon="15.083882">
        <ele>439.048129</ele>
        <time>2026-09-28T11:06:58.636Z</time>
      </trkpt>
      <trkpt lat="47.926367" lon="15.084873">
        <ele>436.644729</ele>
        <time>2026-09-28T11:07:18.010Z</time>
      </trkpt>
      <trkpt lat="47.926586" lon="15.085072">
        <ele>436.145311</ele>
        <time>2026-09-28T11:07:22.797Z</time>
      </trkpt>
      <trkpt lat="47.926606" lon="15.085248">
        <ele>435.912320</ele>
        <time>2026-09-28T11:07:25.036Z</time>
      </trkpt>
      <trkpt lat="47.927107" lon="15.085787">
        <ele>434.709342</ele>
        <time>2026-09-28T11:07:35.986Z</time>
      </trkpt>
      <trkpt lat="47.927422" lon="15.086150">
        <ele>433.934160</ele>
        <time>2026-09-28T11:07:42.916Z</time>
      </trkpt>
      <trkpt lat="47.927886" lon="15.086839">
        <ele>432.644161</ele>
        <time>2026-09-28T11:07:54.246Z</time>
      </trkpt>
      <trkpt lat="47.928045" lon="15.087084">
        <ele>432.193295</ele>
        <time>2026-09-28T11:07:58.243Z</time>
      </trkpt>
      <trkpt lat="47.928161" lon="15.087298">
        <ele>431.829435</ele>
        <time>2026-09-28T11:08:01.400Z</time>
      </trkpt>
      <trkpt lat="47.928395" lon="15.087691">
        <ele>431.134460</ele>
        <time>2026-09-28T11:08:07.447Z</time>
      </trkpt>
      <trkpt lat="47.928556" lon="15.087825">
        <ele>430.770786</ele>
        <time>2026-09-28T11:08:10.774Z</time>
      </trkpt>
      <trkpt lat="47.928606" lon="15.087857">
        <ele>430.663459</ele>
        <time>2026-09-28T11:08:11.760Z</time>
      </trkpt>
      <trkpt lat="47.928671" lon="15.087893">
        <ele>430.526682</ele>
        <time>2026-09-28T11:08:13.039Z</time>
      </trkpt>
      <trkpt lat="47.928735" lon="15.087925">
        <ele>430.393525</ele>
        <time>2026-09-28T11:08:14.302Z</time>
      </trkpt>
      <trkpt lat="47.929071" lon="15.088090">
        <ele>430.152522</ele>
        <time>2026-09-28T11:08:20.919Z</time>
      </trkpt>
      <trkpt lat="47.929395" lon="15.088263">
        <ele>430.000597</ele>
        <time>2026-09-28T11:08:27.676Z</time>
      </trkpt>
      <trkpt lat="47.929739" lon="15.088521">
        <ele>429.830623</ele>
        <time>2026-09-28T11:08:35.603Z</time>
      </trkpt>
      <trkpt lat="47.929898" lon="15.088653">
        <ele>429.750295</ele>
        <time>2026-09-28T11:08:39.427Z</time>
      </trkpt>
      <trkpt lat="47.930027" lon="15.088767">
        <ele>429.684107</ele>
        <time>2026-09-28T11:08:42.764Z</time>
      </trkpt>
      <trkpt lat="47.930391" lon="15.089081">
        <ele>429.498488</ele>
        <time>2026-09-28T11:08:53.003Z</time>
      </trkpt>
      <trkpt lat="47.930648" lon="15.089291">
        <ele>429.404155</ele>
        <time>2026-09-28T11:09:00.048Z</time>
      </trkpt>
      <trkpt lat="47.930935" lon="15.089448">
        <ele>429.308264</ele>
        <time>2026-09-28T11:09:07.624Z</time>
      </trkpt>
      <trkpt lat="47.930987" lon="15.089471">
        <ele>429.291250</ele>
        <time>2026-09-28T11:09:09.028Z</time>
      </trkpt>
      <trkpt lat="47.931306" lon="15.089613">
        <ele>429.186821</ele>
        <time>2026-09-28T11:09:17.382Z</time>
      </trkpt>
      <trkpt lat="47.931721" lon="15.089832">
        <ele>429.048735</ele>
        <time>2026-09-28T11:09:26.046Z</time>
      </trkpt>
      <trkpt lat="47.932020" lon="15.090132">
        <ele>428.935712</ele>
        <time>2026-09-28T11:09:32.598Z</time>
      </trkpt>
      <trkpt lat="47.932227" lon="15.090480">
        <ele>428.502577</ele>
        <time>2026-09-28T11:09:38.044Z</time>
      </trkpt>
      <trkpt lat="47.932398" lon="15.090910">
        <ele>427.996927</ele>
        <time>2026-09-28T11:09:44.067Z</time>
      </trkpt>
      <trkpt lat="47.932590" lon="15.091393">
        <ele>427.429014</ele>
        <time>2026-09-28T11:09:51.311Z</time>
      </trkpt>
      <trkpt lat="47.932928" lon="15.091935">
        <ele>426.680264</ele>
        <time>2026-09-28T11:10:00.064Z</time>
      </trkpt>
      <trkpt lat="47.933022" lon="15.091972">
        <ele>426.533542</ele>
        <time>2026-09-28T11:10:01.832Z</time>
      </trkpt>
      <trkpt lat="47.933166" lon="15.092197">
        <ele>426.218898</ele>
        <time>2026-09-28T11:10:05.741Z</time>
      </trkpt>
      <trkpt lat="47.933657" lon="15.093354">
        <ele>424.601884</ele>
        <time>2026-09-28T11:10:23.210Z</time>
      </trkpt>
      <trkpt lat="47.933826" lon="15.093660">
        <ele>424.133301</ele>
        <time>2026-09-28T11:10:27.720Z</time>
      </trkpt>
      <trkpt lat="47.933994" lon="15.093827">
        <ele>423.777315</ele>
        <time>2026-09-28T11:10:31.133Z</time>
      </trkpt>
      <trkpt lat="47.934184" lon="15.094093">
        <ele>423.317888</ele>
        <time>2026-09-28T11:10:35.635Z</time>
      </trkpt>
      <trkpt lat="47.934642" lon="15.094598">
        <ele>422.226170</ele>
        <time>2026-09-28T11:10:45.658Z</time>
      </trkpt>
      <trkpt lat="47.935193" lon="15.095090">
        <ele>420.957257</ele>
        <time>2026-09-28T11:10:56.719Z</time>
      </trkpt>
      <trkpt lat="47.935402" lon="15.095328">
        <ele>420.437731</ele>
        <time>2026-09-28T11:11:01.438Z</time>
      </trkpt>
      <trkpt lat="47.935576" lon="15.095621">
        <ele>419.919321</ele>
        <time>2026-09-28T11:11:06.184Z</time>
      </trkpt>
      <trkpt lat="47.935870" lon="15.096243">
        <ele>419.021669</ele>
        <time>2026-09-28T11:11:15.394Z</time>
      </trkpt>
      <trkpt lat="47.936020" lon="15.096476">
        <ele>418.676124</ele>
        <time>2026-09-28T11:11:19.459Z</time>
      </trkpt>
      <trkpt lat="47.936159" lon="15.096631">
        <ele>418.399186</ele>
        <time>2026-09-28T11:11:22.814Z</time>
      </trkpt>
      <trkpt lat="47.936402" lon="15.096803">
        <ele>417.969926</ele>
        <time>2026-09-28T11:11:28.066Z</time>
      </trkpt>
      <trkpt lat="47.937034" lon="15.097063">
        <ele>416.923561</ele>
        <time>2026-09-28T11:11:39.906Z</time>
      </trkpt>
      <trkpt lat="47.937124" lon="15.097097">
        <ele>416.775380</ele>
        <time>2026-09-28T11:11:41.492Z</time>
      </trkpt>
      <trkpt lat="47.937506" lon="15.097347">
        <ele>415.910437</ele>
        <time>2026-09-28T11:11:48.659Z</time>
      </trkpt>
      <trkpt lat="47.937729" lon="15.097595">
        <ele>415.291145</ele>
        <time>2026-09-28T11:11:53.390Z</time>
      </trkpt>
      <trkpt lat="47.937926" lon="15.097896">
        <ele>414.663347</ele>
        <time>2026-09-28T11:11:58.120Z</time>
      </trkpt>
      <trkpt lat="47.938113" lon="15.098270">
        <ele>413.967099</ele>
        <time>2026-09-28T11:12:03.203Z</time>
      </trkpt>
      <trkpt lat="47.938584" lon="15.099178">
        <ele>412.254851</ele>
        <time>2026-09-28T11:12:16.983Z</time>
      </trkpt>
      <trkpt lat="47.938752" lon="15.099430">
        <ele>411.725977</ele>
        <time>2026-09-28T11:12:21.958Z</time>
      </trkpt>
      <trkpt lat="47.938888" lon="15.099624">
        <ele>411.308255</ele>
        <time>2026-09-28T11:12:25.614Z</time>
      </trkpt>
      <trkpt lat="47.939169" lon="15.099968">
        <ele>410.501266</ele>
        <time>2026-09-28T11:12:32.172Z</time>
      </trkpt>
      <trkpt lat="47.939604" lon="15.100366">
        <ele>409.368302</ele>
        <time>2026-09-28T11:12:40.705Z</time>
      </trkpt>
      <trkpt lat="47.939903" lon="15.100561">
        <ele>408.643747</ele>
        <time>2026-09-28T11:12:45.921Z</time>
      </trkpt>
      <trkpt lat="47.940092" lon="15.100645">
        <ele>408.780419</ele>
        <time>2026-09-28T11:12:48.994Z</time>
      </trkpt>
      <trkpt lat="47.940325" lon="15.100766">
        <ele>409.003619</ele>
        <time>2026-09-28T11:12:52.925Z</time>
      </trkpt>
      <trkpt lat="47.940305" lon="15.100841">
        <ele>409.052546</ele>
        <time>2026-09-28T11:12:53.800Z</time>
      </trkpt>
      <trkpt lat="47.940342" lon="15.100862">
        <ele>409.088360</ele>
        <time>2026-09-28T11:12:54.470Z</time>
      </trkpt>
      <trkpt lat="47.940552" lon="15.101015">
        <ele>409.299780</ele>
        <time>2026-09-28T11:12:58.581Z</time>
      </trkpt>
      <trkpt lat="47.940638" lon="15.101090">
        <ele>409.389894</ele>
        <time>2026-09-28T11:13:00.455Z</time>
      </trkpt>
      <trkpt lat="47.940737" lon="15.101184">
        <ele>409.496049</ele>
        <time>2026-09-28T11:13:03.129Z</time>
      </trkpt>
      <trkpt lat="47.940866" lon="15.101328">
        <ele>409.641786</ele>
        <time>2026-09-28T11:13:07.779Z</time>
      </trkpt>
      <trkpt lat="47.940894" lon="15.101364">
        <ele>409.675220</ele>
        <time>2026-09-28T11:13:09.002Z</time>
      </trkpt>
      <trkpt lat="47.941043" lon="15.101026">
        <ele>409.920455</ele>
        <time>2026-09-28T11:13:19.576Z</time>
      </trkpt>
      <trkpt lat="47.941080" lon="15.100876">
        <ele>410.017336</ele>
        <time>2026-09-28T11:13:24.481Z</time>
      </trkpt>
      <trkpt lat="47.941116" lon="15.100575">
        <ele>410.202654</ele>
        <time>2026-09-28T11:13:34.558Z</time>
      </trkpt>
      <trkpt lat="47.941106" lon="15.100301">
        <ele>410.801579</ele>
        <time>2026-09-28T11:13:44.233Z</time>
      </trkpt>
      <trkpt lat="47.941107" lon="15.099665">
        <ele>412.494428</ele>
        <time>2026-09-28T11:14:05.361Z</time>
      </trkpt>
      <trkpt lat="47.941126" lon="15.099346">
        <ele>413.346862</ele>
        <time>2026-09-28T11:14:14.785Z</time>
      </trkpt>
      <trkpt lat="47.941184" lon="15.098822">
        <ele>414.760505</ele>
        <time>2026-09-28T11:14:29.381Z</time>
      </trkpt>
      <trkpt lat="47.941293" lon="15.098522">
        <ele>415.668903</ele>
        <time>2026-09-28T11:14:37.423Z</time>
      </trkpt>
      <trkpt lat="47.941417" lon="15.098335">
        <ele>416.369251</ele>
        <time>2026-09-28T11:14:42.807Z</time>
      </trkpt>
      <trkpt lat="47.941528" lon="15.098204">
        <ele>416.931473</ele>
        <time>2026-09-28T11:14:46.433Z</time>
      </trkpt>
      <trkpt lat="47.941694" lon="15.097997">
        <ele>417.468366</ele>
        <time>2026-09-28T11:14:51.305Z</time>
      </trkpt>
      <trkpt lat="47.941819" lon="15.097741">
        <ele>417.636547</ele>
        <time>2026-09-28T11:14:55.209Z</time>
      </trkpt>
      <trkpt lat="47.941892" lon="15.097490">
        <ele>417.781817</ele>
        <time>2026-09-28T11:14:58.480Z</time>
      </trkpt>
      <trkpt lat="47.941937" lon="15.097059">
        <ele>418.013394</ele>
        <time>2026-09-28T11:15:04.136Z</time>
      </trkpt>
      <trkpt lat="47.941933" lon="15.096555">
        <ele>418.280982</ele>
        <time>2026-09-28T11:15:13.343Z</time>
      </trkpt>
      <trkpt lat="47.942026" lon="15.096134">
        <ele>418.516326</ele>
        <time>2026-09-28T11:15:22.463Z</time>
      </trkpt>
      <trkpt lat="47.942213" lon="15.095333">
        <ele>419.341390</ele>
        <time>2026-09-28T11:15:39.569Z</time>
      </trkpt>
      <trkpt lat="47.942307" lon="15.094432">
        <ele>421.009631</ele>
        <time>2026-09-28T11:15:57.591Z</time>
      </trkpt>
      <trkpt lat="47.942380" lon="15.094099">
        <ele>421.650643</ele>
        <time>2026-09-28T11:16:04.750Z</time>
      </trkpt>
      <trkpt lat="47.942477" lon="15.093790">
        <ele>422.274946</ele>
        <time>2026-09-28T11:16:12.259Z</time>
      </trkpt>
      <trkpt lat="47.942643" lon="15.093424">
        <ele>423.083577</ele>
        <time>2026-09-28T11:16:22.537Z</time>
      </trkpt>
      <trkpt lat="47.942797" lon="15.093161">
        <ele>423.722638</ele>
        <time>2026-09-28T11:16:31.614Z</time>
      </trkpt>
      <trkpt lat="47.943041" lon="15.092810">
        <ele>425.003733</ele>
        <time>2026-09-28T11:16:45.834Z</time>
      </trkpt>
      <trkpt lat="47.943233" lon="15.092620">
        <ele>425.875432</ele>
        <time>2026-09-28T11:16:56.313Z</time>
      </trkpt>
      <trkpt lat="47.943474" lon="15.092473">
        <ele>426.860607</ele>
        <time>2026-09-28T11:17:08.308Z</time>
      </trkpt>
      <trkpt lat="47.943721" lon="15.092323">
        <ele>427.869678</ele>
        <time>2026-09-28T11:17:20.082Z</time>
      </trkpt>
      <trkpt lat="47.944162" lon="15.092049">
        <ele>429.677263</ele>
        <time>2026-09-28T11:17:37.850Z</time>
      </trkpt>
      <trkpt lat="47.944535" lon="15.091820">
        <ele>430.208469</ele>
        <time>2026-09-28T11:17:48.537Z</time>
      </trkpt>
      <trkpt lat="47.944817" lon="15.091757">
        <ele>429.688416</ele>
        <time>2026-09-28T11:17:53.825Z</time>
      </trkpt>
      <trkpt lat="47.945916" lon="15.092217">
        <ele>427.606715</ele>
        <time>2026-09-28T11:18:12.137Z</time>
      </trkpt>
      <trkpt lat="47.946158" lon="15.092216">
        <ele>427.280997</ele>
        <time>2026-09-28T11:18:16.350Z</time>
      </trkpt>
      <trkpt lat="47.946441" lon="15.092167">
        <ele>427.458034</ele>
        <time>2026-09-28T11:18:21.757Z</time>
      </trkpt>
      <trkpt lat="47.946605" lon="15.092079">
        <ele>427.566327</ele>
        <time>2026-09-28T11:18:25.373Z</time>
      </trkpt>
      <trkpt lat="47.946749" lon="15.091938">
        <ele>427.673338</ele>
        <time>2026-09-28T11:18:29.383Z</time>
      </trkpt>
      <trkpt lat="47.947330" lon="15.091133">
        <ele>428.165897</ele>
        <time>2026-09-28T11:18:52.046Z</time>
      </trkpt>
      <trkpt lat="47.947391" lon="15.091042">
        <ele>428.219484</ele>
        <time>2026-09-28T11:18:54.668Z</time>
      </trkpt>
      <trkpt lat="47.948128" lon="15.089970">
        <ele>430.564111</ele>
        <time>2026-09-28T11:19:27.363Z</time>
      </trkpt>
      <trkpt lat="47.948181" lon="15.089894">
        <ele>430.768828</ele>
        <time>2026-09-28T11:19:29.719Z</time>
      </trkpt>
      <trkpt lat="47.948920" lon="15.088810">
        <ele>433.731724</ele>
        <time>2026-09-28T11:20:05.440Z</time>
      </trkpt>
      <trkpt lat="47.949117" lon="15.088423">
        <ele>434.892223</ele>
        <time>2026-09-28T11:20:18.183Z</time>
      </trkpt>
      <trkpt lat="47.949280" lon="15.087887">
        <ele>436.297614</ele>
        <time>2026-09-28T11:20:33.206Z</time>
      </trkpt>
      <trkpt lat="47.949379" lon="15.087240">
        <ele>437.882082</ele>
        <time>2026-09-28T11:20:49.621Z</time>
      </trkpt>
      <trkpt lat="47.949588" lon="15.085307">
        <ele>442.201689</ele>
        <time>2026-09-28T11:21:35.630Z</time>
      </trkpt>
      <trkpt lat="47.949686" lon="15.084449">
        <ele>444.012911</ele>
        <time>2026-09-28T11:21:55.685Z</time>
      </trkpt>
      <trkpt lat="47.949842" lon="15.083026">
        <ele>446.605341</ele>
        <time>2026-09-28T11:22:29.575Z</time>
      </trkpt>
      <trkpt lat="47.950122" lon="15.080350">
        <ele>450.979666</ele>
        <time>2026-09-28T11:23:23.752Z</time>
      </trkpt>
      <trkpt lat="47.950154" lon="15.079852">
        <ele>451.850970</ele>
        <time>2026-09-28T11:23:34.241Z</time>
      </trkpt>
      <trkpt lat="47.950167" lon="15.077049">
        <ele>457.363374</ele>
        <time>2026-09-28T11:24:39.474Z</time>
      </trkpt>
      <trkpt lat="47.950223" lon="15.076327">
        <ele>458.950546</ele>
        <time>2026-09-28T11:24:56.851Z</time>
      </trkpt>
      <trkpt lat="47.950291" lon="15.075733">
        <ele>460.282609</ele>
        <time>2026-09-28T11:25:11.367Z</time>
      </trkpt>
      <trkpt lat="47.950705" lon="15.072186">
        <ele>469.193773</ele>
        <time>2026-09-28T11:26:39.940Z</time>
      </trkpt>
      <trkpt lat="47.950809" lon="15.071611">
        <ele>470.765549</ele>
        <time>2026-09-28T11:26:54.998Z</time>
      </trkpt>
      <trkpt lat="47.950957" lon="15.071205">
        <ele>471.985391</ele>
        <time>2026-09-28T11:27:06.945Z</time>
      </trkpt>
      <trkpt lat="47.951407" lon="15.070352">
        <ele>474.808690</ele>
        <time>2026-09-28T11:27:35.703Z</time>
      </trkpt>
      <trkpt lat="47.951652" lon="15.069790">
        <ele>476.514503</ele>
        <time>2026-09-28T11:27:53.912Z</time>
      </trkpt>
      <trkpt lat="47.951970" lon="15.068959">
        <ele>478.949147</ele>
        <time>2026-09-28T11:28:19.413Z</time>
      </trkpt>
      <trkpt lat="47.952369" lon="15.067854">
        <ele>480.637965</ele>
        <time>2026-09-28T11:28:46.771Z</time>
      </trkpt>
      <trkpt lat="47.953809" lon="15.064718">
        <ele>479.797377</ele>
        <time>2026-09-28T11:29:37.959Z</time>
      </trkpt>
      <trkpt lat="47.954134" lon="15.063979">
        <ele>479.172553</ele>
        <time>2026-09-28T11:29:48.737Z</time>
      </trkpt>
      <trkpt lat="47.954265" lon="15.063514">
        <ele>478.479955</ele>
        <time>2026-09-28T11:29:54.684Z</time>
      </trkpt>
      <trkpt lat="47.954339" lon="15.063003">
        <ele>477.729029</ele>
        <time>2026-09-28T11:30:00.809Z</time>
      </trkpt>
      <trkpt lat="47.954403" lon="15.062075">
        <ele>476.389070</ele>
        <time>2026-09-28T11:30:11.680Z</time>
      </trkpt>
      <trkpt lat="47.954452" lon="15.061545">
        <ele>475.620599</ele>
        <time>2026-09-28T11:30:17.793Z</time>
      </trkpt>
      <trkpt lat="47.954510" lon="15.060971">
        <ele>474.678634</ele>
        <time>2026-09-28T11:30:24.378Z</time>
      </trkpt>
      <trkpt lat="47.954520" lon="15.060884">
        <ele>474.524263</ele>
        <time>2026-09-28T11:30:25.383Z</time>
      </trkpt>
      <trkpt lat="47.954560" lon="15.060563">
        <ele>473.953264</ele>
        <time>2026-09-28T11:30:29.059Z</time>
      </trkpt>
      <trkpt lat="47.954653" lon="15.060147">
        <ele>473.186303</ele>
        <time>2026-09-28T11:30:34.052Z</time>
      </trkpt>
      <trkpt lat="47.954754" lon="15.059881">
        <ele>472.651562</ele>
        <time>2026-09-28T11:30:37.451Z</time>
      </trkpt>
      <trkpt lat="47.954886" lon="15.059611">
        <ele>472.066964</ele>
        <time>2026-09-28T11:30:41.119Z</time>
      </trkpt>
      <trkpt lat="47.955045" lon="15.059242">
        <ele>471.299635</ele>
        <time>2026-09-28T11:30:45.966Z</time>
      </trkpt>
      <trkpt lat="47.955160" lon="15.058927">
        <ele>470.672236</ele>
        <time>2026-09-28T11:30:50.019Z</time>
      </trkpt>
      <trkpt lat="47.955218" lon="15.058636">
        <ele>470.302020</ele>
        <time>2026-09-28T11:30:53.536Z</time>
      </trkpt>
      <trkpt lat="47.955249" lon="15.058402">
        <ele>470.035172</ele>
        <time>2026-09-28T11:30:56.355Z</time>
      </trkpt>
      <trkpt lat="47.955280" lon="15.058156">
        <ele>469.755143</ele>
        <time>2026-09-28T11:30:59.344Z</time>
      </trkpt>
      <trkpt lat="47.955308" lon="15.058028">
        <ele>469.604504</ele>
        <time>2026-09-28T11:31:00.950Z</time>
      </trkpt>
      <trkpt lat="47.955312" lon="15.058013">
        <ele>469.586442</ele>
        <time>2026-09-28T11:31:01.144Z</time>
      </trkpt>
      <trkpt lat="47.955391" lon="15.057739">
        <ele>469.252720</ele>
        <time>2026-09-28T11:31:04.744Z</time>
      </trkpt>
      <trkpt lat="47.955489" lon="15.057498">
        <ele>468.937308</ele>
        <time>2026-09-28T11:31:08.260Z</time>
      </trkpt>
      <trkpt lat="47.955654" lon="15.057117">
        <ele>468.429735</ele>
        <time>2026-09-28T11:31:13.868Z</time>
      </trkpt>
      <trkpt lat="47.955749" lon="15.056863">
        <ele>468.104278</ele>
        <time>2026-09-28T11:31:17.555Z</time>
      </trkpt>
      <trkpt lat="47.955759" lon="15.056824">
        <ele>468.057561</ele>
        <time>2026-09-28T11:31:18.085Z</time>
      </trkpt>
      <trkpt lat="47.955788" lon="15.056702">
        <ele>467.912739</ele>
        <time>2026-09-28T11:31:19.799Z</time>
      </trkpt>
      <trkpt lat="47.955831" lon="15.056477">
        <ele>467.650987</ele>
        <time>2026-09-28T11:31:22.882Z</time>
      </trkpt>
      <trkpt lat="47.955856" lon="15.056163">
        <ele>467.234362</ele>
        <time>2026-09-28T11:31:26.951Z</time>
      </trkpt>
      <trkpt lat="47.955868" lon="15.055942">
        <ele>466.931721</ele>
        <time>2026-09-28T11:31:29.697Z</time>
      </trkpt>
      <trkpt lat="47.955882" lon="15.055769">
        <ele>466.693869</ele>
        <time>2026-09-28T11:31:31.805Z</time>
      </trkpt>
      <trkpt lat="47.955886" lon="15.055716">
        <ele>466.621069</ele>
        <time>2026-09-28T11:31:32.447Z</time>
      </trkpt>
      <trkpt lat="47.955899" lon="15.055624">
        <ele>466.492731</ele>
        <time>2026-09-28T11:31:33.565Z</time>
      </trkpt>
      <trkpt lat="47.956072" lon="15.054821">
        <ele>465.341369</ele>
        <time>2026-09-28T11:31:43.336Z</time>
      </trkpt>
      <trkpt lat="47.956127" lon="15.054411">
        <ele>464.770631</ele>
        <time>2026-09-28T11:31:48.105Z</time>
      </trkpt>
      <trkpt lat="47.956136" lon="15.054050">
        <ele>464.277550</ele>
        <time>2026-09-28T11:31:52.215Z</time>
      </trkpt>
      <trkpt lat="47.956069" lon="15.053193">
        <ele>462.931175</ele>
        <time>2026-09-28T11:32:01.982Z</time>
      </trkpt>
      <trkpt lat="47.956045" lon="15.052350">
        <ele>461.541770</ele>
        <time>2026-09-28T11:32:11.506Z</time>
      </trkpt>
      <trkpt lat="47.956034" lon="15.049940">
        <ele>458.138877</ele>
        <time>2026-09-28T11:32:39.233Z</time>
      </trkpt>
      <trkpt lat="47.956032" lon="15.049656">
        <ele>457.808895</ele>
        <time>2026-09-28T11:32:42.716Z</time>
      </trkpt>
      <trkpt lat="47.956037" lon="15.048788">
        <ele>456.800376</ele>
        <time>2026-09-28T11:32:53.588Z</time>
      </trkpt>
      <trkpt lat="47.956075" lon="15.047978">
        <ele>455.966152</ele>
        <time>2026-09-28T11:33:04.020Z</time>
      </trkpt>
      <trkpt lat="47.956235" lon="15.045128">
        <ele>453.334769</ele>
        <time>2026-09-28T11:33:39.364Z</time>
      </trkpt>
      <trkpt lat="47.956205" lon="15.041744">
        <ele>450.188198</ele>
        <time>2026-09-28T11:34:21.538Z</time>
      </trkpt>
      <trkpt lat="47.956204" lon="15.041557">
        <ele>450.015220</ele>
        <time>2026-09-28T11:34:23.838Z</time>
      </trkpt>
      <trkpt lat="47.956190" lon="15.039948">
        <ele>448.571712</ele>
        <time>2026-09-28T11:34:43.652Z</time>
      </trkpt>
      <trkpt lat="47.956187" lon="15.039650">
        <ele>448.327295</ele>
        <time>2026-09-28T11:34:47.322Z</time>
      </trkpt>
      <trkpt lat="47.956183" lon="15.039147">
        <ele>447.914756</ele>
        <time>2026-09-28T11:34:53.579Z</time>
      </trkpt>
      <trkpt lat="47.956223" lon="15.038557">
        <ele>447.428425</ele>
        <time>2026-09-28T11:35:01.092Z</time>
      </trkpt>
      <trkpt lat="47.956302" lon="15.037976">
        <ele>446.942226</ele>
        <time>2026-09-28T11:35:08.751Z</time>
      </trkpt>
      <trkpt lat="47.956429" lon="15.037420">
        <ele>446.588582</ele>
        <time>2026-09-28T11:35:16.450Z</time>
      </trkpt>
      <trkpt lat="47.956727" lon="15.036340">
        <ele>446.102904</ele>
        <time>2026-09-28T11:35:32.191Z</time>
      </trkpt>
      <trkpt lat="47.956990" lon="15.035385">
        <ele>445.673560</ele>
        <time>2026-09-28T11:35:46.267Z</time>
      </trkpt>
      <trkpt lat="47.957024" lon="15.035263">
        <ele>445.618617</ele>
        <time>2026-09-28T11:35:48.080Z</time>
      </trkpt>
      <trkpt lat="47.957117" lon="15.034932">
        <ele>445.659104</ele>
        <time>2026-09-28T11:35:53.084Z</time>
      </trkpt>
      <trkpt lat="47.957162" lon="15.034759">
        <ele>445.690994</ele>
        <time>2026-09-28T11:35:55.690Z</time>
      </trkpt>
      <trkpt lat="47.956785" lon="15.034600">
        <ele>445.791508</ele>
        <time>2026-09-28T11:36:04.062Z</time>
      </trkpt>
      <trkpt lat="47.955879" lon="15.034256">
        <ele>446.031364</ele>
        <time>2026-09-28T11:36:26.201Z</time>
      </trkpt>
      <trkpt lat="47.955514" lon="15.034075">
        <ele>446.535917</ele>
        <time>2026-09-28T11:36:36.519Z</time>
      </trkpt>
      <trkpt lat="47.952604" lon="15.032183">
        <ele>453.074788</ele>
        <time>2026-09-28T11:38:14.411Z</time>
      </trkpt>
      <trkpt lat="47.952239" lon="15.031960">
        <ele>454.010831</ele>
        <time>2026-09-28T11:38:27.387Z</time>
      </trkpt>
      <trkpt lat="47.952165" lon="15.031914">
        <ele>454.208618</ele>
        <time>2026-09-28T11:38:30.036Z</time>
      </trkpt>
      <trkpt lat="47.951992" lon="15.031811">
        <ele>454.668181</ele>
        <time>2026-09-28T11:38:36.246Z</time>
      </trkpt>
      <trkpt lat="47.951861" lon="15.031732">
        <ele>455.016793</ele>
        <time>2026-09-28T11:38:40.966Z</time>
      </trkpt>
      <trkpt lat="47.951659" lon="15.031612">
        <ele>455.553230</ele>
        <time>2026-09-28T11:38:48.325Z</time>
      </trkpt>
      <trkpt lat="47.951582" lon="15.031566">
        <ele>455.757871</ele>
        <time>2026-09-28T11:38:51.137Z</time>
      </trkpt>
      <trkpt lat="47.950963" lon="15.031150">
        <ele>457.432845</ele>
        <time>2026-09-28T11:39:12.863Z</time>
      </trkpt>
      <trkpt lat="47.950713" lon="15.030922">
        <ele>458.080258</ele>
        <time>2026-09-28T11:39:21.844Z</time>
      </trkpt>
      <trkpt lat="47.950644" lon="15.030852">
        <ele>458.226280</ele>
        <time>2026-09-28T11:39:24.343Z</time>
      </trkpt>
      <trkpt lat="47.950023" lon="15.030121">
        <ele>459.610501</ele>
        <time>2026-09-28T11:39:46.935Z</time>
      </trkpt>
      <trkpt lat="47.949759" lon="15.029807">
        <ele>460.201321</ele>
        <time>2026-09-28T11:39:56.392Z</time>
      </trkpt>
      <trkpt lat="47.949486" lon="15.029557">
        <ele>460.761913</ele>
        <time>2026-09-28T11:40:05.565Z</time>
      </trkpt>
      <trkpt lat="47.948921" lon="15.029211">
        <ele>461.984524</ele>
        <time>2026-09-28T11:40:23.935Z</time>
      </trkpt>
      <trkpt lat="47.948432" lon="15.029016">
        <ele>463.043608</ele>
        <time>2026-09-28T11:40:39.774Z</time>
      </trkpt>
      <trkpt lat="47.948173" lon="15.028972">
        <ele>463.589054</ele>
        <time>2026-09-28T11:40:48.066Z</time>
      </trkpt>
      <trkpt lat="47.947937" lon="15.028968">
        <ele>464.082907</ele>
        <time>2026-09-28T11:40:55.440Z</time>
      </trkpt>
      <trkpt lat="47.947886" lon="15.028965">
        <ele>464.189705</ele>
        <time>2026-09-28T11:40:57.008Z</time>
      </trkpt>
      <trkpt lat="47.947586" lon="15.028887">
        <ele>464.825898</ele>
        <time>2026-09-28T11:41:06.403Z</time>
      </trkpt>
      <trkpt lat="47.947597" lon="15.028815">
        <ele>464.923930</ele>
        <time>2026-09-28T11:41:09.840Z</time>
      </trkpt>
      <trkpt lat="47.947040" lon="15.028528">
        <ele>466.091709</ele>
        <time>2026-09-28T11:41:27.190Z</time>
      </trkpt>
      <trkpt lat="47.946790" lon="15.028446">
        <ele>466.598986</ele>
        <time>2026-09-28T11:41:34.672Z</time>
      </trkpt>
      <trkpt lat="47.945305" lon="15.028284">
        <ele>469.787600</ele>
        <time>2026-09-28T11:42:19.929Z</time>
      </trkpt>
      <trkpt lat="47.944201" lon="15.028203">
        <ele>472.420596</ele>
        <time>2026-09-28T11:42:55.356Z</time>
      </trkpt>
      <trkpt lat="47.944053" lon="15.028220">
        <ele>472.809774</ele>
        <time>2026-09-28T11:43:00.321Z</time>
      </trkpt>
      <trkpt lat="47.943961" lon="15.028271">
        <ele>473.114679</ele>
        <time>2026-09-28T11:43:03.667Z</time>
      </trkpt>
      <trkpt lat="47.943980" lon="15.028346">
        <ele>473.281556</ele>
        <time>2026-09-28T11:43:05.466Z</time>
      </trkpt>
      <trkpt lat="47.943654" lon="15.028426">
        <ele>474.307998</ele>
        <time>2026-09-28T11:43:16.737Z</time>
      </trkpt>
      <trkpt lat="47.943298" lon="15.028377">
        <ele>475.418745</ele>
        <time>2026-09-28T11:43:29.158Z</time>
      </trkpt>
      <trkpt lat="47.943264" lon="15.028376">
        <ele>475.524400</ele>
        <time>2026-09-28T11:43:30.350Z</time>
      </trkpt>
      <trkpt lat="47.942627" lon="15.028354">
        <ele>477.504023</ele>
        <time>2026-09-28T11:43:52.938Z</time>
      </trkpt>
      <trkpt lat="47.942446" lon="15.028305">
        <ele>478.075544</ele>
        <time>2026-09-28T11:43:59.605Z</time>
      </trkpt>
      <trkpt lat="47.941962" lon="15.028087">
        <ele>479.686139</ele>
        <time>2026-09-28T11:44:17.700Z</time>
      </trkpt>
      <trkpt lat="47.941117" lon="15.027846">
        <ele>482.435084</ele>
        <time>2026-09-28T11:44:47.680Z</time>
      </trkpt>
      <trkpt lat="47.940799" lon="15.027791">
        <ele>483.458017</ele>
        <time>2026-09-28T11:44:58.759Z</time>
      </trkpt>
      <trkpt lat="47.939920" lon="15.027886">
        <ele>485.565339</ele>
        <time>2026-09-28T11:45:29.080Z</time>
      </trkpt>
      <trkpt lat="47.939014" lon="15.027877">
        <ele>487.560957</ele>
        <time>2026-09-28T11:45:56.770Z</time>
      </trkpt>
      <trkpt lat="47.938784" lon="15.027936">
        <ele>488.001160</ele>
        <time>2026-09-28T11:46:02.833Z</time>
      </trkpt>
      <trkpt lat="47.938345" lon="15.028127">
        <ele>488.391061</ele>
        <time>2026-09-28T11:46:13.999Z</time>
      </trkpt>
      <trkpt lat="47.938010" lon="15.028229">
        <ele>488.682590</ele>
        <time>2026-09-28T11:46:21.784Z</time>
      </trkpt>
      <trkpt lat="47.936665" lon="15.028339">
        <ele>490.450597</ele>
        <time>2026-09-28T11:46:56.256Z</time>
      </trkpt>
      <trkpt lat="47.935990" lon="15.028393">
        <ele>492.067978</ele>
        <time>2026-09-28T11:47:17.977Z</time>
      </trkpt>
      <trkpt lat="47.935626" lon="15.028327">
        <ele>492.945319</ele>
        <time>2026-09-28T11:47:30.804Z</time>
      </trkpt>
      <trkpt lat="47.935379" lon="15.028159">
        <ele>493.594780</ele>
        <time>2026-09-28T11:47:40.714Z</time>
      </trkpt>
      <trkpt lat="47.934856" lon="15.027673">
        <ele>495.616557</ele>
        <time>2026-09-28T11:48:03.040Z</time>
      </trkpt>
      <trkpt lat="47.933826" lon="15.026872">
        <ele>499.587274</ele>
        <time>2026-09-28T11:48:44.746Z</time>
      </trkpt>
      <trkpt lat="47.933270" lon="15.026568">
        <ele>501.857204</ele>
        <time>2026-09-28T11:49:05.900Z</time>
      </trkpt>
      <trkpt lat="47.932537" lon="15.026302">
        <ele>504.815251</ele>
        <time>2026-09-28T11:49:33.268Z</time>
      </trkpt>
      <trkpt lat="47.931763" lon="15.026284">
        <ele>508.196594</ele>
        <time>2026-09-28T11:50:04.164Z</time>
      </trkpt>
      <trkpt lat="47.931443" lon="15.026223">
        <ele>509.972390</ele>
        <time>2026-09-28T11:50:19.538Z</time>
      </trkpt>
      <trkpt lat="47.931297" lon="15.026158">
        <ele>510.811062</ele>
        <time>2026-09-28T11:50:27.283Z</time>
      </trkpt>
      <trkpt lat="47.931074" lon="15.025977">
        <ele>512.208379</ele>
        <time>2026-09-28T11:50:39.667Z</time>
      </trkpt>
      <trkpt lat="47.930939" lon="15.025738">
        <ele>513.361317</ele>
        <time>2026-09-28T11:50:49.806Z</time>
      </trkpt>
      <trkpt lat="47.930648" lon="15.024946">
        <ele>516.692801</ele>
        <time>2026-09-28T11:51:16.412Z</time>
      </trkpt>
      <trkpt lat="47.930354" lon="15.024317">
        <ele>518.272947</ele>
        <time>2026-09-28T11:51:36.475Z</time>
      </trkpt>
      <trkpt lat="47.930273" lon="15.024023">
        <ele>518.888076</ele>
        <time>2026-09-28T11:51:43.469Z</time>
      </trkpt>
      <trkpt lat="47.930021" lon="15.022810">
        <ele>521.345567</ele>
        <time>2026-09-28T11:52:07.604Z</time>
      </trkpt>
      <trkpt lat="47.929684" lon="15.021910">
        <ele>524.095796</ele>
        <time>2026-09-28T11:52:30.922Z</time>
      </trkpt>
      <trkpt lat="47.929471" lon="15.021572">
        <ele>525.535615</ele>
        <time>2026-09-28T11:52:42.924Z</time>
      </trkpt>
      <trkpt lat="47.928416" lon="15.020216">
        <ele>533.069878</ele>
        <time>2026-09-28T11:53:45.024Z</time>
      </trkpt>
      <trkpt lat="47.928058" lon="15.019674">
        <ele>537.071411</ele>
        <time>2026-09-28T11:54:10.797Z</time>
      </trkpt>
      <trkpt lat="47.925507" lon="15.015474">
        <ele>567.034676</ele>
        <time>2026-09-28T11:57:42.504Z</time>
      </trkpt>
      <trkpt lat="47.925125" lon="15.014768">
        <ele>571.897497</ele>
        <time>2026-09-28T11:58:14.110Z</time>
      </trkpt>
      <trkpt lat="47.924663" lon="15.014202">
        <ele>577.091001</ele>
        <time>2026-09-28T11:58:45.566Z</time>
      </trkpt>
      <trkpt lat="47.924517" lon="15.013818">
        <ele>579.725077</ele>
        <time>2026-09-28T11:59:02.193Z</time>
      </trkpt>
      <trkpt lat="47.924335" lon="15.012942">
        <ele>585.196869</ele>
        <time>2026-09-28T11:59:36.020Z</time>
      </trkpt>
      <trkpt lat="47.924114" lon="15.012366">
        <ele>589.237301</ele>
        <time>2026-09-28T12:00:03.358Z</time>
      </trkpt>
      <trkpt lat="47.924015" lon="15.012062">
        <ele>592.695799</ele>
        <time>2026-09-28T12:00:19.336Z</time>
      </trkpt>
      <trkpt lat="47.923923" lon="15.011457">
        <ele>599.043766</ele>
        <time>2026-09-28T12:00:51.930Z</time>
      </trkpt>
      <trkpt lat="47.923769" lon="15.010215">
        <ele>611.968105</ele>
        <time>2026-09-28T12:02:08.214Z</time>
      </trkpt>
      <trkpt lat="47.923766" lon="15.009433">
        <ele>619.346807</ele>
        <time>2026-09-28T12:03:01.477Z</time>
      </trkpt>
      <trkpt lat="47.923829" lon="15.009020">
        <ele>622.900587</ele>
        <time>2026-09-28T12:03:27.402Z</time>
      </trkpt>
      <trkpt lat="47.924018" lon="15.008513">
        <ele>627.768285</ele>
        <time>2026-09-28T12:03:56.558Z</time>
      </trkpt>
      <trkpt lat="47.923946" lon="15.008394">
        <ele>629.113462</ele>
        <time>2026-09-28T12:04:03.996Z</time>
      </trkpt>
      <trkpt lat="47.923888" lon="15.008376">
        <ele>629.855183</ele>
        <time>2026-09-28T12:04:07.320Z</time>
      </trkpt>
      <trkpt lat="47.923835" lon="15.008411">
        <ele>630.580838</ele>
        <time>2026-09-28T12:04:11.390Z</time>
      </trkpt>
      <trkpt lat="47.923619" lon="15.008701">
        <ele>634.218701</ele>
        <time>2026-09-28T12:04:29.203Z</time>
      </trkpt>
      <trkpt lat="47.923172" lon="15.009510">
        <ele>640.730044</ele>
        <time>2026-09-28T12:05:08.188Z</time>
      </trkpt>
      <trkpt lat="47.922970" lon="15.009599">
        <ele>641.855303</ele>
        <time>2026-09-28T12:05:16.868Z</time>
      </trkpt>
      <trkpt lat="47.922886" lon="15.009534">
        <ele>642.360829</ele>
        <time>2026-09-28T12:05:20.760Z</time>
      </trkpt>
      <trkpt lat="47.922886" lon="15.009385">
        <ele>642.894282</ele>
        <time>2026-09-28T12:05:24.932Z</time>
      </trkpt>
      <trkpt lat="47.923261" lon="15.008830">
        <ele>645.716006</ele>
        <time>2026-09-28T12:05:47.970Z</time>
      </trkpt>
      <trkpt lat="47.923635" lon="15.008007">
        <ele>648.677000</ele>
        <time>2026-09-28T12:06:14.576Z</time>
      </trkpt>
      <trkpt lat="47.923790" lon="15.007514">
        <ele>648.796558</ele>
        <time>2026-09-28T12:06:24.408Z</time>
      </trkpt>
      <trkpt lat="47.923861" lon="15.006830">
        <ele>648.948521</ele>
        <time>2026-09-28T12:06:34.693Z</time>
      </trkpt>
      <trkpt lat="47.923966" lon="15.006205">
        <ele>649.089985</ele>
        <time>2026-09-28T12:06:43.234Z</time>
      </trkpt>
      <trkpt lat="47.923977" lon="15.005667">
        <ele>649.208158</ele>
        <time>2026-09-28T12:06:49.988Z</time>
      </trkpt>
      <trkpt lat="47.923926" lon="15.005343">
        <ele>648.796406</ele>
        <time>2026-09-28T12:06:54.042Z</time>
      </trkpt>
      <trkpt lat="47.923653" lon="15.004473">
        <ele>647.116598</ele>
        <time>2026-09-28T12:07:05.650Z</time>
      </trkpt>
      <trkpt lat="47.923281" lon="15.002375">
        <ele>641.667998</ele>
        <time>2026-09-28T12:07:29.258Z</time>
      </trkpt>
      <trkpt lat="47.922945" lon="15.000990">
        <ele>635.577928</ele>
        <time>2026-09-28T12:07:43.367Z</time>
      </trkpt>
      <trkpt lat="47.922873" lon="15.000407">
        <ele>633.112430</ele>
        <time>2026-09-28T12:07:48.904Z</time>
      </trkpt>
      <trkpt lat="47.922887" lon="14.999772">
        <ele>630.362998</ele>
        <time>2026-09-28T12:07:54.918Z</time>
      </trkpt>
      <trkpt lat="47.922868" lon="14.998813">
        <ele>626.211137</ele>
        <time>2026-09-28T12:08:04.196Z</time>
      </trkpt>
      <trkpt lat="47.922959" lon="14.996307">
        <ele>615.547090</ele>
        <time>2026-09-28T12:08:29.343Z</time>
      </trkpt>
      <trkpt lat="47.923049" lon="14.994730">
        <ele>608.498401</ele>
        <time>2026-09-28T12:08:44.500Z</time>
      </trkpt>
      <trkpt lat="47.923114" lon="14.994413">
        <ele>606.764445</ele>
        <time>2026-09-28T12:08:47.533Z</time>
      </trkpt>
      <trkpt lat="47.923298" lon="14.993889">
        <ele>603.670180</ele>
        <time>2026-09-28T12:08:52.938Z</time>
      </trkpt>
      <trkpt lat="47.923347" lon="14.993656">
        <ele>602.392872</ele>
        <time>2026-09-28T12:08:55.189Z</time>
      </trkpt>
      <trkpt lat="47.923384" lon="14.992975">
        <ele>598.819222</ele>
        <time>2026-09-28T12:09:01.616Z</time>
      </trkpt>
      <trkpt lat="47.923432" lon="14.992587">
        <ele>596.755502</ele>
        <time>2026-09-28T12:09:05.420Z</time>
      </trkpt>
      <trkpt lat="47.923547" lon="14.992068">
        <ele>595.263965</ele>
        <time>2026-09-28T12:09:10.869Z</time>
      </trkpt>
      <trkpt lat="47.923619" lon="14.991605">
        <ele>594.073672</ele>
        <time>2026-09-28T12:09:16.022Z</time>
      </trkpt>
      <trkpt lat="47.923764" lon="14.991111">
        <ele>592.723089</ele>
        <time>2026-09-28T12:09:22.532Z</time>
      </trkpt>
      <trkpt lat="47.923834" lon="14.990739">
        <ele>591.755468</ele>
        <time>2026-09-28T12:09:27.183Z</time>
      </trkpt>
      <trkpt lat="47.923896" lon="14.989757">
        <ele>589.322254</ele>
        <time>2026-09-28T12:09:37.806Z</time>
      </trkpt>
      <trkpt lat="47.924004" lon="14.988970">
        <ele>587.455008</ele>
        <time>2026-09-28T12:09:45.967Z</time>
      </trkpt>
      <trkpt lat="47.924039" lon="14.988632">
        <ele>586.660046</ele>
        <time>2026-09-28T12:09:49.454Z</time>
      </trkpt>
      <trkpt lat="47.924025" lon="14.988142">
        <ele>585.520070</ele>
        <time>2026-09-28T12:09:54.511Z</time>
      </trkpt>
      <trkpt lat="47.924021" lon="14.988105">
        <ele>585.432956</ele>
        <time>2026-09-28T12:09:54.906Z</time>
      </trkpt>
      <trkpt lat="47.923997" lon="14.987895">
        <ele>584.937790</ele>
        <time>2026-09-28T12:09:57.158Z</time>
      </trkpt>
      <trkpt lat="47.923986" lon="14.987491">
        <ele>583.997969</ele>
        <time>2026-09-28T12:10:01.637Z</time>
      </trkpt>
      <trkpt lat="47.924037" lon="14.986844">
        <ele>583.547631</ele>
        <time>2026-09-28T12:10:10.214Z</time>
      </trkpt>
      <trkpt lat="47.923946" lon="14.985867">
        <ele>583.521613</ele>
        <time>2026-09-28T12:10:29.578Z</time>
      </trkpt>
      <trkpt lat="47.923920" lon="14.985309">
        <ele>583.506859</ele>
        <time>2026-09-28T12:10:42.049Z</time>
      </trkpt>
      <trkpt lat="47.923962" lon="14.983874">
        <ele>580.567709</ele>
        <time>2026-09-28T12:10:59.019Z</time>
      </trkpt>
      <trkpt lat="47.924016" lon="14.983508">
        <ele>579.129054</ele>
        <time>2026-09-28T12:11:02.729Z</time>
      </trkpt>
      <trkpt lat="47.924246" lon="14.982534">
        <ele>575.164708</ele>
        <time>2026-09-28T12:11:12.553Z</time>
      </trkpt>
      <trkpt lat="47.924268" lon="14.982407">
        <ele>574.661156</ele>
        <time>2026-09-28T12:11:13.768Z</time>
      </trkpt>
      <trkpt lat="47.924329" lon="14.981833">
        <ele>572.149533</ele>
        <time>2026-09-28T12:11:19.101Z</time>
      </trkpt>
      <trkpt lat="47.924388" lon="14.980958">
        <ele>567.519240</ele>
        <time>2026-09-28T12:11:27.333Z</time>
      </trkpt>
      <trkpt lat="47.924386" lon="14.980393">
        <ele>564.544377</ele>
        <time>2026-09-28T12:11:32.678Z</time>
      </trkpt>
      <trkpt lat="47.924336" lon="14.979598">
        <ele>560.340167</ele>
        <time>2026-09-28T12:11:40.182Z</time>
      </trkpt>
      <trkpt lat="47.924359" lon="14.979243">
        <ele>558.784868</ele>
        <time>2026-09-28T12:11:43.587Z</time>
      </trkpt>
      <trkpt lat="47.924435" lon="14.978993">
        <ele>558.128558</ele>
        <time>2026-09-28T12:11:46.230Z</time>
      </trkpt>
      <trkpt lat="47.924621" lon="14.978534">
        <ele>556.846175</ele>
        <time>2026-09-28T12:11:51.527Z</time>
      </trkpt>
      <trkpt lat="47.924694" lon="14.978200">
        <ele>556.006275</ele>
        <time>2026-09-28T12:11:55.166Z</time>
      </trkpt>
      <trkpt lat="47.924695" lon="14.977936">
        <ele>555.375116</ele>
        <time>2026-09-28T12:11:58.063Z</time>
      </trkpt>
      <trkpt lat="47.924669" lon="14.977744">
        <ele>554.906820</ele>
        <time>2026-09-28T12:12:00.368Z</time>
      </trkpt>
      <trkpt lat="47.924486" lon="14.977010">
        <ele>553.034510</ele>
        <time>2026-09-28T12:12:10.751Z</time>
      </trkpt>
      <trkpt lat="47.924469" lon="14.976708">
        <ele>552.494327</ele>
        <time>2026-09-28T12:12:15.388Z</time>
      </trkpt>
      <trkpt lat="47.924487" lon="14.976108">
        <ele>551.869925</ele>
        <time>2026-09-28T12:12:23.940Z</time>
      </trkpt>
      <trkpt lat="47.924603" lon="14.973873">
        <ele>549.409259</ele>
        <time>2026-09-28T12:12:50.676Z</time>
      </trkpt>
      <trkpt lat="47.924663" lon="14.973506">
        <ele>548.849670</ele>
        <time>2026-09-28T12:12:54.693Z</time>
      </trkpt>
      <trkpt lat="47.924824" lon="14.972797">
        <ele>547.740754</ele>
        <time>2026-09-28T12:13:02.848Z</time>
      </trkpt>
      <trkpt lat="47.924813" lon="14.972607">
        <ele>547.458256</ele>
        <time>2026-09-28T12:13:04.991Z</time>
      </trkpt>
      <trkpt lat="47.924770" lon="14.972444">
        <ele>547.198766</ele>
        <time>2026-09-28T12:13:06.981Z</time>
      </trkpt>
      <trkpt lat="47.924505" lon="14.971827">
        <ele>546.113175</ele>
        <time>2026-09-28T12:13:15.802Z</time>
      </trkpt>
      <trkpt lat="47.924391" lon="14.971252">
        <ele>545.521238</ele>
        <time>2026-09-28T12:13:24.212Z</time>
      </trkpt>
      <trkpt lat="47.924248" lon="14.969689">
        <ele>544.258365</ele>
        <time>2026-09-28T12:13:46.886Z</time>
      </trkpt>
      <trkpt lat="47.924151" lon="14.968144">
        <ele>541.671866</ele>
        <time>2026-09-28T12:14:03.956Z</time>
      </trkpt>
      <trkpt lat="47.923961" lon="14.967142">
        <ele>539.248329</ele>
        <time>2026-09-28T12:14:14.771Z</time>
      </trkpt>
      <trkpt lat="47.923892" lon="14.966017">
        <ele>536.869287</ele>
        <time>2026-09-28T12:14:27.015Z</time>
      </trkpt>
      <trkpt lat="47.923879" lon="14.965744">
        <ele>536.418660</ele>
        <time>2026-09-28T12:14:30.065Z</time>
      </trkpt>
      <trkpt lat="47.923898" lon="14.965473">
        <ele>535.970023</ele>
        <time>2026-09-28T12:14:33.131Z</time>
      </trkpt>
      <trkpt lat="47.924068" lon="14.964888">
        <ele>534.920156</ele>
        <time>2026-09-28T12:14:40.418Z</time>
      </trkpt>
      <trkpt lat="47.924067" lon="14.964686">
        <ele>534.587555</ele>
        <time>2026-09-28T12:14:42.744Z</time>
      </trkpt>
      <trkpt lat="47.924003" lon="14.964317">
        <ele>533.959979</ele>
        <time>2026-09-28T12:14:47.187Z</time>
      </trkpt>
      <trkpt lat="47.924022" lon="14.964111">
        <ele>533.617604</ele>
        <time>2026-09-28T12:14:49.625Z</time>
      </trkpt>
      <trkpt lat="47.924264" lon="14.963432">
        <ele>532.583559</ele>
        <time>2026-09-28T12:14:58.837Z</time>
      </trkpt>
      <trkpt lat="47.924602" lon="14.962258">
        <ele>531.174111</ele>
        <time>2026-09-28T12:15:15.265Z</time>
      </trkpt>
      <trkpt lat="47.924735" lon="14.961609">
        <ele>530.425503</ele>
        <time>2026-09-28T12:15:23.673Z</time>
      </trkpt>
      <trkpt lat="47.924811" lon="14.961028">
        <ele>529.174124</ele>
        <time>2026-09-28T12:15:30.456Z</time>
      </trkpt>
      <trkpt lat="47.924871" lon="14.960827">
        <ele>528.479858</ele>
        <time>2026-09-28T12:15:32.882Z</time>
      </trkpt>
      <trkpt lat="47.925037" lon="14.960453">
        <ele>527.064451</ele>
        <time>2026-09-28T12:15:37.661Z</time>
      </trkpt>
      <trkpt lat="47.925055" lon="14.960274">
        <ele>526.493355</ele>
        <time>2026-09-28T12:15:39.527Z</time>
      </trkpt>
      <trkpt lat="47.925015" lon="14.960102">
        <ele>525.918916</ele>
        <time>2026-09-28T12:15:41.372Z</time>
      </trkpt>
      <trkpt lat="47.924783" lon="14.959523">
        <ele>523.790395</ele>
        <time>2026-09-28T12:15:47.942Z</time>
      </trkpt>
      <trkpt lat="47.924531" lon="14.959038">
        <ele>521.854017</ele>
        <time>2026-09-28T12:15:53.860Z</time>
      </trkpt>
      <trkpt lat="47.924342" lon="14.958830">
        <ele>521.027919</ele>
        <time>2026-09-28T12:15:57.280Z</time>
      </trkpt>
      <trkpt lat="47.923941" lon="14.958535">
        <ele>519.594012</ele>
        <time>2026-09-28T12:16:04.098Z</time>
      </trkpt>
      <trkpt lat="47.923868" lon="14.958434">
        <ele>519.274733</ele>
        <time>2026-09-28T12:16:05.678Z</time>
      </trkpt>
      <trkpt lat="47.923819" lon="14.958366">
        <ele>519.060122</ele>
        <time>2026-09-28T12:16:06.750Z</time>
      </trkpt>
      <trkpt lat="47.923692" lon="14.958130">
        <ele>518.409591</ele>
        <time>2026-09-28T12:16:10.123Z</time>
      </trkpt>
      <trkpt lat="47.923558" lon="14.957502">
        <ele>516.993082</ele>
        <time>2026-09-28T12:16:17.852Z</time>
      </trkpt>
      <trkpt lat="47.923312" lon="14.956625">
        <ele>515.461393</ele>
        <time>2026-09-28T12:16:31.431Z</time>
      </trkpt>
      <trkpt lat="47.923105" lon="14.954806">
        <ele>513.733329</ele>
        <time>2026-09-28T12:16:54.107Z</time>
      </trkpt>
      <trkpt lat="47.922948" lon="14.953976">
        <ele>512.814951</ele>
        <time>2026-09-28T12:17:04.207Z</time>
      </trkpt>
      <trkpt lat="47.922843" lon="14.953276">
        <ele>511.964940</ele>
        <time>2026-09-28T12:17:13.234Z</time>
      </trkpt>
      <trkpt lat="47.922777" lon="14.953057">
        <ele>511.680394</ele>
        <time>2026-09-28T12:17:16.155Z</time>
      </trkpt>
      <trkpt lat="47.922556" lon="14.952614">
        <ele>511.025958</ele>
        <time>2026-09-28T12:17:22.924Z</time>
      </trkpt>
      <trkpt lat="47.922503" lon="14.952461">
        <ele>510.821865</ele>
        <time>2026-09-28T12:17:25.049Z</time>
      </trkpt>
      <trkpt lat="47.922490" lon="14.952254">
        <ele>510.575498</ele>
        <time>2026-09-28T12:17:27.551Z</time>
      </trkpt>
      <trkpt lat="47.922575" lon="14.951896">
        <ele>510.091011</ele>
        <time>2026-09-28T12:17:31.999Z</time>
      </trkpt>
      <trkpt lat="47.922602" lon="14.951609">
        <ele>509.426203</ele>
        <time>2026-09-28T12:17:35.360Z</time>
      </trkpt>
      <trkpt lat="47.922529" lon="14.951121">
        <ele>508.279223</ele>
        <time>2026-09-28T12:17:40.896Z</time>
      </trkpt>
      <trkpt lat="47.922531" lon="14.950869">
        <ele>507.701116</ele>
        <time>2026-09-28T12:17:43.601Z</time>
      </trkpt>
      <trkpt lat="47.922592" lon="14.950573">
        <ele>506.990737</ele>
        <time>2026-09-28T12:17:46.862Z</time>
      </trkpt>
      <trkpt lat="47.922703" lon="14.950224">
        <ele>506.104572</ele>
        <time>2026-09-28T12:17:50.943Z</time>
      </trkpt>
      <trkpt lat="47.922736" lon="14.950018">
        <ele>505.618713</ele>
        <time>2026-09-28T12:17:53.208Z</time>
      </trkpt>
      <trkpt lat="47.922721" lon="14.949823">
        <ele>505.168464</ele>
        <time>2026-09-28T12:17:55.339Z</time>
      </trkpt>
      <trkpt lat="47.922654" lon="14.949534">
        <ele>504.466975</ele>
        <time>2026-09-28T12:17:58.647Z</time>
      </trkpt>
      <trkpt lat="47.922645" lon="14.949298">
        <ele>503.850137</ele>
        <time>2026-09-28T12:18:01.203Z</time>
      </trkpt>
      <trkpt lat="47.922837" lon="14.948125">
        <ele>498.516953</ele>
        <time>2026-09-28T12:18:13.325Z</time>
      </trkpt>
      <trkpt lat="47.922946" lon="14.947719">
        <ele>496.585193</ele>
        <time>2026-09-28T12:18:17.396Z</time>
      </trkpt>
      <trkpt lat="47.922965" lon="14.947666">
        <ele>496.319714</ele>
        <time>2026-09-28T12:18:17.955Z</time>
      </trkpt>
      <trkpt lat="47.923212" lon="14.946996">
        <ele>492.942258</ele>
        <time>2026-09-28T12:18:24.985Z</time>
      </trkpt>
      <trkpt lat="47.923339" lon="14.946526">
        <ele>491.327886</ele>
        <time>2026-09-28T12:18:29.857Z</time>
      </trkpt>
      <trkpt lat="47.923420" lon="14.946310">
        <ele>490.706126</ele>
        <time>2026-09-28T12:18:32.291Z</time>
      </trkpt>
      <trkpt lat="47.923755" lon="14.945790">
        <ele>488.894198</ele>
        <time>2026-09-28T12:18:39.524Z</time>
      </trkpt>
      <trkpt lat="47.923853" lon="14.945541">
        <ele>488.168828</ele>
        <time>2026-09-28T12:18:42.664Z</time>
      </trkpt>
      <trkpt lat="47.923907" lon="14.945327">
        <ele>487.594426</ele>
        <time>2026-09-28T12:18:45.339Z</time>
      </trkpt>
      <trkpt lat="47.923923" lon="14.945265">
        <ele>487.427538</ele>
        <time>2026-09-28T12:18:46.267Z</time>
      </trkpt>
      <trkpt lat="47.924399" lon="14.945090">
        <ele>485.589903</ele>
        <time>2026-09-28T12:18:57.411Z</time>
      </trkpt>
      <trkpt lat="47.924974" lon="14.944970">
        <ele>483.474630</ele>
        <time>2026-09-28T12:19:09.508Z</time>
      </trkpt>
      <trkpt lat="47.925309" lon="14.945038">
        <ele>482.246127</ele>
        <time>2026-09-28T12:19:14.707Z</time>
      </trkpt>
      <trkpt lat="47.925888" lon="14.945287">
        <ele>480.056589</ele>
        <time>2026-09-28T12:19:23.807Z</time>
      </trkpt>
      <trkpt lat="47.926041" lon="14.945321">
        <ele>479.494501</ele>
        <time>2026-09-28T12:19:26.093Z</time>
      </trkpt>
      <trkpt lat="47.926422" lon="14.945248">
        <ele>477.974543</ele>
        <time>2026-09-28T12:19:31.709Z</time>
      </trkpt>
      <trkpt lat="47.926972" lon="14.945066">
        <ele>475.599114</ele>
        <time>2026-09-28T12:19:40.091Z</time>
      </trkpt>
      <trkpt lat="47.927534" lon="14.944691">
        <ele>473.003335</ele>
        <time>2026-09-28T12:19:49.643Z</time>
      </trkpt>
      <trkpt lat="47.927866" lon="14.944508">
        <ele>471.511009</ele>
        <time>2026-09-28T12:19:55.549Z</time>
      </trkpt>
      <trkpt lat="47.928197" lon="14.944365">
        <ele>471.224720</ele>
        <time>2026-09-28T12:20:01.680Z</time>
      </trkpt>
      <trkpt lat="47.929375" lon="14.943970">
        <ele>470.960267</ele>
        <time>2026-09-28T12:20:28.212Z</time>
      </trkpt>
      <trkpt lat="47.929577" lon="14.943970">
        <ele>470.916023</ele>
        <time>2026-09-28T12:20:34.056Z</time>
      </trkpt>
      <trkpt lat="47.930028" lon="14.944099">
        <ele>470.809690</ele>
        <time>2026-09-28T12:20:47.295Z</time>
      </trkpt>
      <trkpt lat="47.930357" lon="14.944151">
        <ele>470.731966</ele>
        <time>2026-09-28T12:20:57.386Z</time>
      </trkpt>
      <trkpt lat="47.930632" lon="14.944156">
        <ele>470.667356</ele>
        <time>2026-09-28T12:21:05.265Z</time>
      </trkpt>
      <trkpt lat="47.930858" lon="14.944093">
        <ele>470.613343</ele>
        <time>2026-09-28T12:21:10.805Z</time>
      </trkpt>
      <trkpt lat="47.931339" lon="14.943661">
        <ele>470.481460</ele>
        <time>2026-09-28T12:21:20.746Z</time>
      </trkpt>
      <trkpt lat="47.931526" lon="14.943590">
        <ele>469.709834</ele>
        <time>2026-09-28T12:21:23.720Z</time>
      </trkpt>
      <trkpt lat="47.931781" lon="14.943624">
        <ele>468.436302</ele>
        <time>2026-09-28T12:21:27.539Z</time>
      </trkpt>
      <trkpt lat="47.932458" lon="14.943941">
        <ele>464.906768</ele>
        <time>2026-09-28T12:21:37.905Z</time>
      </trkpt>
      <trkpt lat="47.932848" lon="14.943999">
        <ele>462.957133</ele>
        <time>2026-09-28T12:21:43.616Z</time>
      </trkpt>
      <trkpt lat="47.933120" lon="14.943975">
        <ele>461.601725</ele>
        <time>2026-09-28T12:21:47.714Z</time>
      </trkpt>
      <trkpt lat="47.933464" lon="14.943840">
        <ele>461.009263</ele>
        <time>2026-09-28T12:21:53.332Z</time>
      </trkpt>
      <trkpt lat="47.934120" lon="14.943400">
        <ele>459.919345</ele>
        <time>2026-09-28T12:22:06.513Z</time>
      </trkpt>
      <trkpt lat="47.934270" lon="14.943365">
        <ele>459.689263</ele>
        <time>2026-09-28T12:22:09.712Z</time>
      </trkpt>
      <trkpt lat="47.934351" lon="14.943377">
        <ele>459.565907</ele>
        <time>2026-09-28T12:22:11.491Z</time>
      </trkpt>
      <trkpt lat="47.934517" lon="14.943468">
        <ele>459.297907</ele>
        <time>2026-09-28T12:22:15.440Z</time>
      </trkpt>
      <trkpt lat="47.935015" lon="14.944003">
        <ele>458.788311</ele>
        <time>2026-09-28T12:22:30.468Z</time>
      </trkpt>
      <trkpt lat="47.935469" lon="14.944302">
        <ele>458.769476</ele>
        <time>2026-09-28T12:22:43.761Z</time>
      </trkpt>
      <trkpt lat="47.936177" lon="14.944955">
        <ele>458.737887</ele>
        <time>2026-09-28T12:23:02.041Z</time>
      </trkpt>
      <trkpt lat="47.936373" lon="14.945084">
        <ele>458.679070</ele>
        <time>2026-09-28T12:23:05.972Z</time>
      </trkpt>
      <trkpt lat="47.936804" lon="14.945086">
        <ele>457.896134</ele>
        <time>2026-09-28T12:23:13.507Z</time>
      </trkpt>
      <trkpt lat="47.937532" lon="14.944900">
        <ele>456.554456</ele>
        <time>2026-09-28T12:23:26.191Z</time>
      </trkpt>
      <trkpt lat="47.937568" lon="14.945178">
        <ele>456.209874</ele>
        <time>2026-09-28T12:23:29.488Z</time>
      </trkpt>
      <trkpt lat="47.937641" lon="14.945284">
        <ele>456.024872</ele>
        <time>2026-09-28T12:23:31.265Z</time>
      </trkpt>
      <trkpt lat="47.937934" lon="14.945240">
        <ele>455.489937</ele>
        <time>2026-09-28T12:23:36.518Z</time>
      </trkpt>
      <trkpt lat="47.938217" lon="14.945321">
        <ele>455.317578</ele>
        <time>2026-09-28T12:23:41.828Z</time>
      </trkpt>
      <trkpt lat="47.938618" lon="14.945509">
        <ele>455.093388</ele>
        <time>2026-09-28T12:23:50.548Z</time>
      </trkpt>
      <trkpt lat="47.938865" lon="14.945628">
        <ele>454.954949</ele>
        <time>2026-09-28T12:23:55.918Z</time>
      </trkpt>
      <trkpt lat="47.939081" lon="14.945673">
        <ele>454.838620</ele>
        <time>2026-09-28T12:24:00.277Z</time>
      </trkpt>
      <trkpt lat="47.939199" lon="14.945671">
        <ele>454.775676</ele>
        <time>2026-09-28T12:24:02.584Z</time>
      </trkpt>
      <trkpt lat="47.939198" lon="14.945265">
        <ele>454.630601</ele>
        <time>2026-09-28T12:24:08.000Z</time>
      </trkpt>
      <trkpt lat="47.939746" lon="14.945325">
        <ele>455.478221</ele>
        <time>2026-09-28T12:24:21.038Z</time>
      </trkpt>
      <trkpt lat="47.939975" lon="14.945387">
        <ele>456.203921</ele>
        <time>2026-09-28T12:24:28.032Z</time>
      </trkpt>
      <trkpt lat="47.940184" lon="14.945445">
        <ele>456.866774</ele>
        <time>2026-09-28T12:24:35.390Z</time>
      </trkpt>
      <trkpt lat="47.940290" lon="14.945474">
        <ele>457.202801</ele>
        <time>2026-09-28T12:24:39.259Z</time>
      </trkpt>
      <trkpt lat="47.940379" lon="14.945495">
        <ele>457.483759</ele>
        <time>2026-09-28T12:24:42.525Z</time>
      </trkpt>
      <trkpt lat="47.940461" lon="14.945504">
        <ele>457.740135</ele>
        <time>2026-09-28T12:24:45.605Z</time>
      </trkpt>
      <trkpt lat="47.940607" lon="14.945476">
        <ele>458.199123</ele>
        <time>2026-09-28T12:24:51.365Z</time>
      </trkpt>
      <trkpt lat="47.940896" lon="14.945406">
        <ele>459.112045</ele>
        <time>2026-09-28T12:25:03.787Z</time>
      </trkpt>
      <trkpt lat="47.941440" lon="14.945461">
        <ele>460.450765</ele>
        <time>2026-09-28T12:25:27.693Z</time>
      </trkpt>
      <trkpt lat="47.941600" lon="14.945398">
        <ele>460.700195</ele>
        <time>2026-09-28T12:25:34.519Z</time>
      </trkpt>
      <trkpt lat="47.941738" lon="14.945281">
        <ele>460.939422</ele>
        <time>2026-09-28T12:25:40.671Z</time>
      </trkpt>
      <trkpt lat="47.941777" lon="14.945255">
        <ele>461.003805</ele>
        <time>2026-09-28T12:25:42.197Z</time>
      </trkpt>
      <trkpt lat="47.941847" lon="14.945230">
        <ele>461.112300</ele>
        <time>2026-09-28T12:25:44.856Z</time>
      </trkpt>
      <trkpt lat="47.942022" lon="14.945253">
        <ele>461.377111</ele>
        <time>2026-09-28T12:25:50.701Z</time>
      </trkpt>
      <trkpt lat="47.942885" lon="14.945525">
        <ele>462.706658</ele>
        <time>2026-09-28T12:26:08.449Z</time>
      </trkpt>
      <trkpt lat="47.944090" lon="14.945708">
        <ele>462.066138</ele>
        <time>2026-09-28T12:26:29.949Z</time>
      </trkpt>
      <trkpt lat="47.944251" lon="14.945619">
        <ele>461.951387</ele>
        <time>2026-09-28T12:26:34.649Z</time>
      </trkpt>
      <trkpt lat="47.944358" lon="14.945489">
        <ele>461.859178</ele>
        <time>2026-09-28T12:26:38.526Z</time>
      </trkpt>
      <trkpt lat="47.944473" lon="14.945292">
        <ele>461.742185</ele>
        <time>2026-09-28T12:26:43.660Z</time>
      </trkpt>
      <trkpt lat="47.944755" lon="14.944643">
        <ele>460.396158</ele>
        <time>2026-09-28T12:26:57.365Z</time>
      </trkpt>
      <trkpt lat="47.944870" lon="14.944484">
        <ele>459.827458</ele>
        <time>2026-09-28T12:27:00.870Z</time>
      </trkpt>
      <trkpt lat="47.944954" lon="14.944419">
        <ele>459.484178</ele>
        <time>2026-09-28T12:27:02.747Z</time>
      </trkpt>
      <trkpt lat="47.945298" lon="14.944280">
        <ele>458.191156</ele>
        <time>2026-09-28T12:27:08.766Z</time>
      </trkpt>
      <trkpt lat="47.946050" lon="14.944250">
        <ele>455.461751</ele>
        <time>2026-09-28T12:27:19.587Z</time>
      </trkpt>
      <trkpt lat="47.946234" lon="14.944301">
        <ele>454.703295</ele>
        <time>2026-09-28T12:27:22.182Z</time>
      </trkpt>
      <trkpt lat="47.946472" lon="14.944427">
        <ele>453.554470</ele>
        <time>2026-09-28T12:27:25.692Z</time>
      </trkpt>
      <trkpt lat="47.946548" lon="14.944437">
        <ele>453.207374</ele>
        <time>2026-09-28T12:27:26.761Z</time>
      </trkpt>
      <trkpt lat="47.946658" lon="14.944388">
        <ele>452.685136</ele>
        <time>2026-09-28T12:27:28.384Z</time>
      </trkpt>
      <trkpt lat="47.947251" lon="14.943899">
        <ele>449.603154</ele>
        <time>2026-09-28T12:27:38.511Z</time>
      </trkpt>
      <trkpt lat="47.947518" lon="14.943602">
        <ele>448.088370</ele>
        <time>2026-09-28T12:27:44.379Z</time>
      </trkpt>
      <trkpt lat="47.947724" lon="14.943314">
        <ele>446.886523</ele>
        <time>2026-09-28T12:27:50.092Z</time>
      </trkpt>
      <trkpt lat="47.947758" lon="14.943210">
        <ele>446.800752</ele>
        <time>2026-09-28T12:27:51.933Z</time>
      </trkpt>
      <trkpt lat="47.947773" lon="14.942941">
        <ele>446.600692</ele>
        <time>2026-09-28T12:27:56.343Z</time>
      </trkpt>
      <trkpt lat="47.947756" lon="14.941909">
        <ele>445.835591</ele>
        <time>2026-09-28T12:28:12.201Z</time>
      </trkpt>
      <trkpt lat="47.947784" lon="14.941522">
        <ele>445.547096</ele>
        <time>2026-09-28T12:28:17.283Z</time>
      </trkpt>
      <trkpt lat="47.947898" lon="14.941189">
        <ele>445.269925</ele>
        <time>2026-09-28T12:28:21.734Z</time>
      </trkpt>
      <trkpt lat="47.948083" lon="14.940895">
        <ele>444.970953</ele>
        <time>2026-09-28T12:28:26.335Z</time>
      </trkpt>
      <trkpt lat="47.948678" lon="14.940281">
        <ele>443.015348</ele>
        <time>2026-09-28T12:28:38.154Z</time>
      </trkpt>
      <trkpt lat="47.948813" lon="14.940158">
        <ele>442.571529</ele>
        <time>2026-09-28T12:28:40.649Z</time>
      </trkpt>
      <trkpt lat="47.949163" lon="14.939827">
        <ele>441.408871</ele>
        <time>2026-09-28T12:28:47.281Z</time>
      </trkpt>
      <trkpt lat="47.949362" lon="14.939558">
        <ele>440.655540</ele>
        <time>2026-09-28T12:28:51.736Z</time>
      </trkpt>
      <trkpt lat="47.949514" lon="14.939273">
        <ele>439.970773</ele>
        <time>2026-09-28T12:28:55.950Z</time>
      </trkpt>
      <trkpt lat="47.949694" lon="14.938895">
        <ele>439.597933</ele>
        <time>2026-09-28T12:29:01.684Z</time>
      </trkpt>
      <trkpt lat="47.949743" lon="14.938724">
        <ele>439.473049</ele>
        <time>2026-09-28T12:29:04.067Z</time>
      </trkpt>
      <trkpt lat="47.949778" lon="14.938519">
        <ele>439.331001</ele>
        <time>2026-09-28T12:29:06.827Z</time>
      </trkpt>
      <trkpt lat="47.949785" lon="14.938255">
        <ele>439.153600</ele>
        <time>2026-09-28T12:29:10.304Z</time>
      </trkpt>
      <trkpt lat="47.949756" lon="14.937962">
        <ele>438.954730</ele>
        <time>2026-09-28T12:29:14.054Z</time>
      </trkpt>
      <trkpt lat="47.949743" lon="14.937878">
        <ele>438.896842</ele>
        <time>2026-09-28T12:29:15.122Z</time>
      </trkpt>
      <trkpt lat="47.949707" lon="14.937623">
        <ele>438.721861</ele>
        <time>2026-09-28T12:29:18.407Z</time>
      </trkpt>
      <trkpt lat="47.949670" lon="14.937246">
        <ele>438.466022</ele>
        <time>2026-09-28T12:29:23.373Z</time>
      </trkpt>
      <trkpt lat="47.949693" lon="14.936995">
        <ele>438.295919</ele>
        <time>2026-09-28T12:29:26.912Z</time>
      </trkpt>
      <trkpt lat="47.949771" lon="14.936727">
        <ele>438.099716</ele>
        <time>2026-09-28T12:29:31.385Z</time>
      </trkpt>
      <trkpt lat="47.949927" lon="14.936448">
        <ele>438.034504</ele>
        <time>2026-09-28T12:29:37.116Z</time>
      </trkpt>
      <trkpt lat="47.949954" lon="14.936412">
        <ele>438.028200</ele>
        <time>2026-09-28T12:29:37.926Z</time>
      </trkpt>
      <trkpt lat="47.950360" lon="14.935940">
        <ele>437.938593</ele>
        <time>2026-09-28T12:29:49.599Z</time>
      </trkpt>
      <trkpt lat="47.950497" lon="14.935743">
        <ele>437.905471</ele>
        <time>2026-09-28T12:29:53.651Z</time>
      </trkpt>
      <trkpt lat="47.950616" lon="14.935445">
        <ele>437.865005</ele>
        <time>2026-09-28T12:29:58.441Z</time>
      </trkpt>
      <trkpt lat="47.950635" lon="14.935312">
        <ele>437.849143</ele>
        <time>2026-09-28T12:30:00.398Z</time>
      </trkpt>
      <trkpt lat="47.950632" lon="14.934757">
        <ele>437.784409</ele>
        <time>2026-09-28T12:30:08.442Z</time>
      </trkpt>
      <trkpt lat="47.950669" lon="14.934496">
        <ele>437.725010</ele>
        <time>2026-09-28T12:30:12.261Z</time>
      </trkpt>
      <trkpt lat="47.950740" lon="14.934220">
        <ele>437.515932</ele>
        <time>2026-09-28T12:30:16.617Z</time>
      </trkpt>
      <trkpt lat="47.951183" lon="14.933295">
        <ele>436.711786</ele>
        <time>2026-09-28T12:30:31.746Z</time>
      </trkpt>
      <trkpt lat="47.951420" lon="14.932800">
        <ele>436.281500</ele>
        <time>2026-09-28T12:30:39.416Z</time>
      </trkpt>
      <trkpt lat="47.951535" lon="14.932502">
        <ele>436.038291</ele>
        <time>2026-09-28T12:30:43.660Z</time>
      </trkpt>
      <trkpt lat="47.951584" lon="14.932237">
        <ele>435.830441</ele>
        <time>2026-09-28T12:30:46.957Z</time>
      </trkpt>
      <trkpt lat="47.951591" lon="14.931951">
        <ele>435.457268</ele>
        <time>2026-09-28T12:30:50.259Z</time>
      </trkpt>
      <trkpt lat="47.951542" lon="14.931438">
        <ele>434.781582</ele>
        <time>2026-09-28T12:30:56.132Z</time>
      </trkpt>
      <trkpt lat="47.951540" lon="14.930857">
        <ele>434.023987</ele>
        <time>2026-09-28T12:31:02.717Z</time>
      </trkpt>
      <trkpt lat="47.951573" lon="14.930394">
        <ele>433.416858</ele>
        <time>2026-09-28T12:31:08.151Z</time>
      </trkpt>
      <trkpt lat="47.951642" lon="14.930019">
        <ele>432.909767</ele>
        <time>2026-09-28T12:31:12.808Z</time>
      </trkpt>
      <trkpt lat="47.951822" lon="14.929424">
        <ele>432.158833</ele>
        <time>2026-09-28T12:31:21.117Z</time>
      </trkpt>
      <trkpt lat="47.951923" lon="14.929135">
        <ele>431.876171</ele>
        <time>2026-09-28T12:31:25.209Z</time>
      </trkpt>
      <trkpt lat="47.952008" lon="14.928857">
        <ele>431.611181</ele>
        <time>2026-09-28T12:31:29.086Z</time>
      </trkpt>
      <trkpt lat="47.952050" lon="14.928675">
        <ele>431.444261</ele>
        <time>2026-09-28T12:31:31.620Z</time>
      </trkpt>
      <trkpt lat="47.952139" lon="14.928011">
        <ele>430.857080</ele>
        <time>2026-09-28T12:31:40.573Z</time>
      </trkpt>
      <trkpt lat="47.952216" lon="14.927390">
        <ele>430.309453</ele>
        <time>2026-09-28T12:31:48.300Z</time>
      </trkpt>
      <trkpt lat="47.952288" lon="14.927199">
        <ele>430.119404</ele>
        <time>2026-09-28T12:31:50.933Z</time>
      </trkpt>
      <trkpt lat="47.952455" lon="14.927096">
        <ele>429.912483</ele>
        <time>2026-09-28T12:31:54.187Z</time>
      </trkpt>
      <trkpt lat="47.952405" lon="14.926742">
        <ele>429.657637</ele>
        <time>2026-09-28T12:31:58.451Z</time>
      </trkpt>
      <trkpt lat="47.952394" lon="14.926390">
        <ele>429.409416</ele>
        <time>2026-09-28T12:32:02.624Z</time>
      </trkpt>
      <trkpt lat="47.952424" lon="14.926039">
        <ele>429.160163</ele>
        <time>2026-09-28T12:32:06.885Z</time>
      </trkpt>
      <trkpt lat="47.952574" lon="14.924951">
        <ele>428.377698</ele>
        <time>2026-09-28T12:32:21.796Z</time>
      </trkpt>
      <trkpt lat="47.952575" lon="14.924517">
        <ele>428.091348</ele>
        <time>2026-09-28T12:32:28.433Z</time>
      </trkpt>
      <trkpt lat="47.952529" lon="14.924070">
        <ele>427.866654</ele>
        <time>2026-09-28T12:32:35.142Z</time>
      </trkpt>
      <trkpt lat="47.952427" lon="14.923321">
        <ele>427.486905</ele>
        <time>2026-09-28T12:32:45.595Z</time>
      </trkpt>
      <trkpt lat="47.952419" lon="14.922843">
        <ele>427.249340</ele>
        <time>2026-09-28T12:32:51.917Z</time>
      </trkpt>
      <trkpt lat="47.952446" lon="14.922566">
        <ele>427.110265</ele>
        <time>2026-09-28T12:32:55.536Z</time>
      </trkpt>
      <trkpt lat="47.952511" lon="14.922221">
        <ele>426.932201</ele>
        <time>2026-09-28T12:33:00.155Z</time>
      </trkpt>
      <trkpt lat="47.952779" lon="14.921324">
        <ele>426.330372</ele>
        <time>2026-09-28T12:33:12.259Z</time>
      </trkpt>
      <trkpt lat="47.952867" lon="14.920833">
        <ele>425.997815</ele>
        <time>2026-09-28T12:33:18.358Z</time>
      </trkpt>
      <trkpt lat="47.952879" lon="14.920571">
        <ele>425.825992</ele>
        <time>2026-09-28T12:33:21.691Z</time>
      </trkpt>
      <trkpt lat="47.952877" lon="14.920495">
        <ele>425.776228</ele>
        <time>2026-09-28T12:33:22.658Z</time>
      </trkpt>
      <trkpt lat="47.952826" lon="14.920058">
        <ele>425.485998</ele>
        <time>2026-09-28T12:33:28.524Z</time>
      </trkpt>
      <trkpt lat="47.952751" lon="14.919776">
        <ele>425.287474</ele>
        <time>2026-09-28T12:33:32.549Z</time>
      </trkpt>
      <trkpt lat="47.952517" lon="14.919228">
        <ele>425.223747</ele>
        <time>2026-09-28T12:33:42.164Z</time>
      </trkpt>
      <trkpt lat="47.952322" lon="14.918850">
        <ele>425.524820</ele>
        <time>2026-09-28T12:33:49.704Z</time>
      </trkpt>
      <trkpt lat="47.952134" lon="14.918496">
        <ele>425.809900</ele>
        <time>2026-09-28T12:33:57.320Z</time>
      </trkpt>
      <trkpt lat="47.951658" lon="14.917543">
        <ele>426.560067</ele>
        <time>2026-09-28T12:34:19.700Z</time>
      </trkpt>
      <trkpt lat="47.951389" lon="14.916889">
        <ele>426.843988</ele>
        <time>2026-09-28T12:34:34.803Z</time>
      </trkpt>
      <trkpt lat="47.951218" lon="14.916363">
        <ele>426.969343</ele>
        <time>2026-09-28T12:34:45.880Z</time>
      </trkpt>
      <trkpt lat="47.951049" lon="14.915679">
        <ele>427.125650</ele>
        <time>2026-09-28T12:34:57.892Z</time>
      </trkpt>
      <trkpt lat="47.950971" lon="14.915172">
        <ele>427.237179</ele>
        <time>2026-09-28T12:35:05.170Z</time>
      </trkpt>
      <trkpt lat="47.950928" lon="14.914276">
        <ele>426.344450</ele>
        <time>2026-09-28T12:35:15.938Z</time>
      </trkpt>
      <trkpt lat="47.950926" lon="14.914146">
        <ele>426.104889</ele>
        <time>2026-09-28T12:35:17.404Z</time>
      </trkpt>
      <trkpt lat="47.950895" lon="14.913566">
        <ele>425.032965</ele>
        <time>2026-09-28T12:35:23.815Z</time>
      </trkpt>
      <trkpt lat="47.950812" lon="14.912749">
        <ele>423.510597</ele>
        <time>2026-09-28T12:35:32.701Z</time>
      </trkpt>
      <trkpt lat="47.950833" lon="14.912179">
        <ele>422.458904</ele>
        <time>2026-09-28T12:35:38.819Z</time>
      </trkpt>
      <trkpt lat="47.950848" lon="14.912029">
        <ele>422.224796</ele>
        <time>2026-09-28T12:35:40.447Z</time>
      </trkpt>
      <trkpt lat="47.950855" lon="14.911935">
        <ele>422.092158</ele>
        <time>2026-09-28T12:35:41.475Z</time>
      </trkpt>
      <trkpt lat="47.951041" lon="14.910108">
        <ele>419.500546</ele>
        <time>2026-09-28T12:36:02.853Z</time>
      </trkpt>
      <trkpt lat="47.951056" lon="14.909734">
        <ele>418.975110</ele>
        <time>2026-09-28T12:36:07.647Z</time>
      </trkpt>
      <trkpt lat="47.951011" lon="14.909145">
        <ele>418.539092</ele>
        <time>2026-09-28T12:36:15.445Z</time>
      </trkpt>
      <trkpt lat="47.950860" lon="14.908321">
        <ele>418.372148</ele>
        <time>2026-09-28T12:36:26.944Z</time>
      </trkpt>
      <trkpt lat="47.950772" lon="14.908043">
        <ele>418.312059</ele>
        <time>2026-09-28T12:36:31.277Z</time>
      </trkpt>
      <trkpt lat="47.950655" lon="14.907797">
        <ele>418.253098</ele>
        <time>2026-09-28T12:36:35.769Z</time>
      </trkpt>
      <trkpt lat="47.950132" lon="14.907024">
        <ele>418.124271</ele>
        <time>2026-09-28T12:36:53.373Z</time>
      </trkpt>
      <trkpt lat="47.949950" lon="14.906666">
        <ele>418.225373</ele>
        <time>2026-09-28T12:37:00.360Z</time>
      </trkpt>
      <trkpt lat="47.949830" lon="14.906363">
        <ele>418.304555</ele>
        <time>2026-09-28T12:37:06.000Z</time>
      </trkpt>
      <trkpt lat="47.949640" lon="14.905779">
        <ele>418.450603</ele>
        <time>2026-09-28T12:37:16.236Z</time>
      </trkpt>
      <trkpt lat="47.949607" lon="14.905664">
        <ele>418.478746</ele>
        <time>2026-09-28T12:37:18.106Z</time>
      </trkpt>
      <trkpt lat="47.949523" lon="14.905351">
        <ele>418.554596</ele>
        <time>2026-09-28T12:37:23.733Z</time>
      </trkpt>
      <trkpt lat="47.949297" lon="14.904124">
        <ele>418.293102</ele>
        <time>2026-09-28T12:37:43.799Z</time>
      </trkpt>
      <trkpt lat="47.949249" lon="14.903838">
        <ele>418.130174</ele>
        <time>2026-09-28T12:37:47.928Z</time>
      </trkpt>
      <trkpt lat="47.949198" lon="14.903523">
        <ele>417.951094</ele>
        <time>2026-09-28T12:37:52.204Z</time>
      </trkpt>
      <trkpt lat="47.949113" lon="14.902857">
        <ele>417.576446</ele>
        <time>2026-09-28T12:38:00.792Z</time>
      </trkpt>
      <trkpt lat="47.949073" lon="14.902263">
        <ele>417.246550</ele>
        <time>2026-09-28T12:38:08.083Z</time>
      </trkpt>
      <trkpt lat="47.949015" lon="14.900876">
        <ele>415.713846</ele>
        <time>2026-09-28T12:38:24.128Z</time>
      </trkpt>
      <trkpt lat="47.948879" lon="14.899704">
        <ele>414.358257</ele>
        <time>2026-09-28T12:38:38.838Z</time>
      </trkpt>
      <trkpt lat="47.948842" lon="14.899158">
        <ele>413.885881</ele>
        <time>2026-09-28T12:38:45.823Z</time>
      </trkpt>
      <trkpt lat="47.948811" lon="14.898561">
        <ele>413.461232</ele>
        <time>2026-09-28T12:38:53.592Z</time>
      </trkpt>
      <trkpt lat="47.948800" lon="14.898283">
        <ele>413.263737</ele>
        <time>2026-09-28T12:38:57.189Z</time>
      </trkpt>
      <trkpt lat="47.948790" lon="14.897924">
        <ele>413.008923</ele>
        <time>2026-09-28T12:39:01.875Z</time>
      </trkpt>
      <trkpt lat="47.948789" lon="14.897396">
        <ele>412.634476</ele>
        <time>2026-09-28T12:39:08.950Z</time>
      </trkpt>
      <trkpt lat="47.948825" lon="14.896927">
        <ele>412.299695</ele>
        <time>2026-09-28T12:39:15.151Z</time>
      </trkpt>
      <trkpt lat="47.948891" lon="14.896464">
        <ele>411.865796</ele>
        <time>2026-09-28T12:39:20.875Z</time>
      </trkpt>
      <trkpt lat="47.948752" lon="14.896338">
        <ele>411.630916</ele>
        <time>2026-09-28T12:39:23.804Z</time>
      </trkpt>
      <trkpt lat="47.948684" lon="14.896117">
        <ele>411.395628</ele>
        <time>2026-09-28T12:39:26.744Z</time>
      </trkpt>
      <trkpt lat="47.948667" lon="14.896048">
        <ele>411.324501</ele>
        <time>2026-09-28T12:39:27.643Z</time>
      </trkpt>
      <trkpt lat="47.948576" lon="14.895693">
        <ele>410.956763</ele>
        <time>2026-09-28T12:39:32.398Z</time>
      </trkpt>
      <trkpt lat="47.948498" lon="14.895611">
        <ele>410.818972</ele>
        <time>2026-09-28T12:39:34.180Z</time>
      </trkpt>
      <trkpt lat="47.948414" lon="14.895170">
        <ele>410.375407</ele>
        <time>2026-09-28T12:39:39.928Z</time>
      </trkpt>
      <trkpt lat="47.948400" lon="14.894817">
        <ele>410.033297</ele>
        <time>2026-09-28T12:39:44.288Z</time>
      </trkpt>
      <trkpt lat="47.948397" lon="14.894733">
        <ele>409.951915</ele>
        <time>2026-09-28T12:39:45.279Z</time>
      </trkpt>
      <trkpt lat="47.948391" lon="14.894170">
        <ele>409.475415</ele>
        <time>2026-09-28T12:39:51.974Z</time>
      </trkpt>
      <trkpt lat="47.948388" lon="14.893782">
        <ele>409.212140</ele>
        <time>2026-09-28T12:39:56.633Z</time>
      </trkpt>
      <trkpt lat="47.948377" lon="14.893289">
        <ele>408.877454</ele>
        <time>2026-09-28T12:40:03.259Z</time>
      </trkpt>
      <trkpt lat="47.948358" lon="14.893112">
        <ele>408.755827</ele>
        <time>2026-09-28T12:40:05.776Z</time>
      </trkpt>
      <trkpt lat="47.948351" lon="14.893042">
        <ele>408.707806</ele>
        <time>2026-09-28T12:40:06.790Z</time>
      </trkpt>
      <trkpt lat="47.948344" lon="14.892972">
        <ele>408.659784</ele>
        <time>2026-09-28T12:40:07.798Z</time>
      </trkpt>
      <trkpt lat="47.948287" lon="14.892489">
        <ele>408.327021</ele>
        <time>2026-09-28T12:40:14.333Z</time>
      </trkpt>
      <trkpt lat="47.948287" lon="14.892107">
        <ele>408.067833</ele>
        <time>2026-09-28T12:40:19.143Z</time>
      </trkpt>
      <trkpt lat="47.948290" lon="14.891540">
        <ele>407.825725</ele>
        <time>2026-09-28T12:40:26.400Z</time>
      </trkpt>
      <trkpt lat="47.948315" lon="14.891421">
        <ele>407.833544</ele>
        <time>2026-09-28T12:40:28.057Z</time>
      </trkpt>
      <trkpt lat="47.948400" lon="14.891306">
        <ele>407.844280</ele>
        <time>2026-09-28T12:40:30.397Z</time>
      </trkpt>
      <trkpt lat="47.948290" lon="14.890971">
        <ele>407.867669</ele>
        <time>2026-09-28T12:40:35.523Z</time>
      </trkpt>
      <trkpt lat="47.948216" lon="14.890400">
        <ele>407.904128</ele>
        <time>2026-09-28T12:40:43.839Z</time>
      </trkpt>
      <trkpt lat="47.948195" lon="14.890068">
        <ele>407.925034</ele>
        <time>2026-09-28T12:40:48.714Z</time>
      </trkpt>
      <trkpt lat="47.948153" lon="14.889625">
        <ele>407.953082</ele>
        <time>2026-09-28T12:40:55.568Z</time>
      </trkpt>
      <trkpt lat="47.948131" lon="14.889487">
        <ele>407.961975</ele>
        <time>2026-09-28T12:40:57.979Z</time>
      </trkpt>
      <trkpt lat="47.947871" lon="14.888326">
        <ele>408.542341</ele>
        <time>2026-09-28T12:41:22.841Z</time>
      </trkpt>
      <trkpt lat="47.947713" lon="14.887677">
        <ele>408.970059</ele>
        <time>2026-09-28T12:41:36.485Z</time>
      </trkpt>
      <trkpt lat="47.947579" lon="14.887227">
        <ele>409.275091</ele>
        <time>2026-09-28T12:41:44.843Z</time>
      </trkpt>
      <trkpt lat="47.947536" lon="14.887117">
        <ele>409.353980</ele>
        <time>2026-09-28T12:41:46.801Z</time>
      </trkpt>
      <trkpt lat="47.947255" lon="14.886478">
        <ele>409.252753</ele>
        <time>2026-09-28T12:41:57.672Z</time>
      </trkpt>
      <trkpt lat="47.946922" lon="14.885730">
        <ele>408.054076</ele>
        <time>2026-09-28T12:42:08.150Z</time>
      </trkpt>
      <trkpt lat="47.946815" lon="14.885462">
        <ele>407.637678</ele>
        <time>2026-09-28T12:42:11.508Z</time>
      </trkpt>
      <trkpt lat="47.946775" lon="14.885492">
        <ele>407.548486</ele>
        <time>2026-09-28T12:42:12.207Z</time>
      </trkpt>
      <trkpt lat="47.946702" lon="14.885168">
        <ele>407.092260</ele>
        <time>2026-09-28T12:42:15.972Z</time>
      </trkpt>
      <trkpt lat="47.946531" lon="14.884109">
        <ele>405.827345</ele>
        <time>2026-09-28T12:42:28.547Z</time>
      </trkpt>
      <trkpt lat="47.946428" lon="14.883311">
        <ele>405.227114</ele>
        <time>2026-09-28T12:42:38.683Z</time>
      </trkpt>
      <trkpt lat="47.946374" lon="14.882947">
        <ele>404.951755</ele>
        <time>2026-09-28T12:42:43.501Z</time>
      </trkpt>
      <trkpt lat="47.946060" lon="14.881535">
        <ele>403.958247</ele>
        <time>2026-09-28T12:43:04.439Z</time>
      </trkpt>
      <trkpt lat="47.945592" lon="14.880293">
        <ele>403.397880</ele>
        <time>2026-09-28T12:43:23.084Z</time>
      </trkpt>
      <trkpt lat="47.945568" lon="14.880091">
        <ele>403.317207</ele>
        <time>2026-09-28T12:43:25.739Z</time>
      </trkpt>
      <trkpt lat="47.945554" lon="14.879421">
        <ele>403.053612</ele>
        <time>2026-09-28T12:43:34.890Z</time>
      </trkpt>
      <trkpt lat="47.945444" lon="14.878562">
        <ele>402.914872</ele>
        <time>2026-09-28T12:43:48.478Z</time>
      </trkpt>
      <trkpt lat="47.945435" lon="14.878481">
        <ele>402.903777</ele>
        <time>2026-09-28T12:43:49.804Z</time>
      </trkpt>
      <trkpt lat="47.945331" lon="14.877633">
        <ele>402.787281</ele>
        <time>2026-09-28T12:44:03.803Z</time>
      </trkpt>
      <trkpt lat="47.945227" lon="14.877062">
        <ele>402.707320</ele>
        <time>2026-09-28T12:44:12.009Z</time>
      </trkpt>
      <trkpt lat="47.945104" lon="14.876545">
        <ele>402.435310</ele>
        <time>2026-09-28T12:44:20.087Z</time>
      </trkpt>
      <trkpt lat="47.944870" lon="14.875732">
        <ele>401.414524</ele>
        <time>2026-09-28T12:44:31.749Z</time>
      </trkpt>
      <trkpt lat="47.944846" lon="14.875601">
        <ele>401.257853</ele>
        <time>2026-09-28T12:44:33.315Z</time>
      </trkpt>
      <trkpt lat="47.944720" lon="14.875399">
        <ele>400.939437</ele>
        <time>2026-09-28T12:44:36.346Z</time>
      </trkpt>
      <trkpt lat="47.944637" lon="14.875009">
        <ele>400.467372</ele>
        <time>2026-09-28T12:44:40.860Z</time>
      </trkpt>
      <trkpt lat="47.944479" lon="14.873769">
        <ele>399.201990</ele>
        <time>2026-09-28T12:44:56.070Z</time>
      </trkpt>
      <trkpt lat="47.944281" lon="14.872117">
        <ele>397.936644</ele>
        <time>2026-09-28T12:45:17.151Z</time>
      </trkpt>
      <trkpt lat="47.944117" lon="14.871285">
        <ele>397.288715</ele>
        <time>2026-09-28T12:45:30.003Z</time>
      </trkpt>
      <trkpt lat="47.944061" lon="14.871020">
        <ele>397.084122</ele>
        <time>2026-09-28T12:45:33.896Z</time>
      </trkpt>
      <trkpt lat="47.943965" lon="14.870625">
        <ele>396.774740</ele>
        <time>2026-09-28T12:45:39.631Z</time>
      </trkpt>
      <trkpt lat="47.943777" lon="14.870057">
        <ele>396.308264</ele>
        <time>2026-09-28T12:45:47.784Z</time>
      </trkpt>
      <trkpt lat="47.943413" lon="14.869165">
        <ele>395.521072</ele>
        <time>2026-09-28T12:46:00.454Z</time>
      </trkpt>
      <trkpt lat="47.943140" lon="14.868703">
        <ele>394.677114</ele>
        <time>2026-09-28T12:46:07.588Z</time>
      </trkpt>
      <trkpt lat="47.942763" lon="14.868270">
        <ele>393.704344</ele>
        <time>2026-09-28T12:46:15.596Z</time>
      </trkpt>
      <trkpt lat="47.942569" lon="14.868008">
        <ele>393.169340</ele>
        <time>2026-09-28T12:46:20.031Z</time>
      </trkpt>
      <trkpt lat="47.942431" lon="14.867738">
        <ele>392.704087</ele>
        <time>2026-09-28T12:46:23.948Z</time>
      </trkpt>
      <trkpt lat="47.942306" lon="14.867382">
        <ele>392.153453</ele>
        <time>2026-09-28T12:46:28.729Z</time>
      </trkpt>
      <trkpt lat="47.942228" lon="14.866978">
        <ele>391.853137</ele>
        <time>2026-09-28T12:46:33.975Z</time>
      </trkpt>
      <trkpt lat="47.942203" lon="14.866607">
        <ele>391.804744</ele>
        <time>2026-09-28T12:46:38.879Z</time>
      </trkpt>
      <trkpt lat="47.942242" lon="14.865042">
        <ele>391.601491</ele>
        <time>2026-09-28T12:47:03.095Z</time>
      </trkpt>
      <trkpt lat="47.942221" lon="14.864258">
        <ele>391.408113</ele>
        <time>2026-09-28T12:47:15.712Z</time>
      </trkpt>
      <trkpt lat="47.942284" lon="14.864248">
        <ele>391.362645</ele>
        <time>2026-09-28T12:47:17.165Z</time>
      </trkpt>
      <trkpt lat="47.942355" lon="14.864232">
        <ele>391.311114</ele>
        <time>2026-09-28T12:47:18.823Z</time>
      </trkpt>
      <trkpt lat="47.942336" lon="14.863951">
        <ele>391.175338</ele>
        <time>2026-09-28T12:47:23.027Z</time>
      </trkpt>
      <trkpt lat="47.942226" lon="14.863094">
        <ele>390.755843</ele>
        <time>2026-09-28T12:47:35.254Z</time>
      </trkpt>
      <trkpt lat="47.942037" lon="14.862151">
        <ele>390.282642</ele>
        <time>2026-09-28T12:47:47.321Z</time>
      </trkpt>
      <trkpt lat="47.942022" lon="14.862082">
        <ele>390.247767</ele>
        <time>2026-09-28T12:47:48.168Z</time>
      </trkpt>
      <trkpt lat="47.941906" lon="14.861529">
        <ele>389.553999</ele>
        <time>2026-09-28T12:47:54.887Z</time>
      </trkpt>
      <trkpt lat="47.941648" lon="14.860297">
        <ele>387.991463</ele>
        <time>2026-09-28T12:48:10.213Z</time>
      </trkpt>
      <trkpt lat="47.941401" lon="14.859601">
        <ele>387.038010</ele>
        <time>2026-09-28T12:48:19.705Z</time>
      </trkpt>
      <trkpt lat="47.941216" lon="14.859283">
        <ele>386.670229</ele>
        <time>2026-09-28T12:48:24.911Z</time>
      </trkpt>
      <trkpt lat="47.941229" lon="14.859245">
        <ele>386.634383</ele>
        <time>2026-09-28T12:48:25.427Z</time>
      </trkpt>
      <trkpt lat="47.941271" lon="14.858671">
        <ele>386.149287</ele>
        <time>2026-09-28T12:48:32.744Z</time>
      </trkpt>
      <trkpt lat="47.941541" lon="14.857781">
        <ele>385.328485</ele>
        <time>2026-09-28T12:48:45.087Z</time>
      </trkpt>
      <trkpt lat="47.941623" lon="14.857359">
        <ele>384.959343</ele>
        <time>2026-09-28T12:48:50.552Z</time>
      </trkpt>
      <trkpt lat="47.941673" lon="14.856761">
        <ele>384.534105</ele>
        <time>2026-09-28T12:48:58.354Z</time>
      </trkpt>
      <trkpt lat="47.941671" lon="14.856500">
        <ele>384.377467</ele>
        <time>2026-09-28T12:49:01.873Z</time>
      </trkpt>
      <trkpt lat="47.941624" lon="14.856070">
        <ele>384.116010</ele>
        <time>2026-09-28T12:49:07.931Z</time>
      </trkpt>
      <trkpt lat="47.941435" lon="14.855292">
        <ele>383.619375</ele>
        <time>2026-09-28T12:49:19.201Z</time>
      </trkpt>
      <trkpt lat="47.941426" lon="14.855116">
        <ele>383.513449</ele>
        <time>2026-09-28T12:49:21.549Z</time>
      </trkpt>
      <trkpt lat="47.941446" lon="14.855002">
        <ele>383.442730</ele>
        <time>2026-09-28T12:49:23.082Z</time>
      </trkpt>
      <trkpt lat="47.941488" lon="14.854731">
        <ele>383.275805</ele>
        <time>2026-09-28T12:49:26.654Z</time>
      </trkpt>
      <trkpt lat="47.941465" lon="14.854474">
        <ele>383.117055</ele>
        <time>2026-09-28T12:49:29.912Z</time>
      </trkpt>
      <trkpt lat="47.941034" lon="14.851688">
        <ele>380.651096</ele>
        <time>2026-09-28T12:50:04.021Z</time>
      </trkpt>
      <trkpt lat="47.940952" lon="14.851318">
        <ele>380.867072</ele>
        <time>2026-09-28T12:50:10.623Z</time>
      </trkpt>
      <trkpt lat="47.940784" lon="14.850774">
        <ele>381.199040</ele>
        <time>2026-09-28T12:50:22.796Z</time>
      </trkpt>
      <trkpt lat="47.940587" lon="14.850332">
        <ele>381.493251</ele>
        <time>2026-09-28T12:50:33.653Z</time>
      </trkpt>
      <trkpt lat="47.940592" lon="14.850241">
        <ele>381.543851</ele>
        <time>2026-09-28T12:50:35.495Z</time>
      </trkpt>
      <trkpt lat="47.940728" lon="14.850072">
        <ele>381.690240</ele>
        <time>2026-09-28T12:50:40.598Z</time>
      </trkpt>
      <trkpt lat="47.940761" lon="14.849914">
        <ele>381.781958</ele>
        <time>2026-09-28T12:50:43.867Z</time>
      </trkpt>
      <trkpt lat="47.940568" lon="14.849549">
        <ele>382.036088</ele>
        <time>2026-09-28T12:50:52.010Z</time>
      </trkpt>
      <trkpt lat="47.940327" lon="14.848728">
        <ele>381.685151</ele>
        <time>2026-09-28T12:51:04.914Z</time>
      </trkpt>
      <trkpt lat="47.940217" lon="14.848320">
        <ele>381.512962</ele>
        <time>2026-09-28T12:51:10.362Z</time>
      </trkpt>
      <trkpt lat="47.940186" lon="14.848032">
        <ele>381.398759</ele>
        <time>2026-09-28T12:51:13.746Z</time>
      </trkpt>
      <trkpt lat="47.940196" lon="14.847753">
        <ele>381.289370</ele>
        <time>2026-09-28T12:51:16.985Z</time>
      </trkpt>
      <trkpt lat="47.940305" lon="14.847071">
        <ele>381.014863</ele>
        <time>2026-09-28T12:51:26.025Z</time>
      </trkpt>
      <trkpt lat="47.940317" lon="14.846847">
        <ele>381.161574</ele>
        <time>2026-09-28T12:51:29.389Z</time>
      </trkpt>
      <trkpt lat="47.940255" lon="14.846435">
        <ele>381.648409</ele>
        <time>2026-09-28T12:51:36.393Z</time>
      </trkpt>
      <trkpt lat="47.939937" lon="14.844984">
        <ele>383.408533</ele>
        <time>2026-09-28T12:52:05.948Z</time>
      </trkpt>
      <trkpt lat="47.939844" lon="14.844452">
        <ele>384.042424</ele>
        <time>2026-09-28T12:52:19.464Z</time>
      </trkpt>
      <trkpt lat="47.939823" lon="14.843800">
        <ele>384.676475</ele>
        <time>2026-09-28T12:52:36.273Z</time>
      </trkpt>
      <trkpt lat="47.939880" lon="14.843295">
        <ele>385.168779</ele>
        <time>2026-09-28T12:52:49.600Z</time>
      </trkpt>
      <trkpt lat="47.939908" lon="14.842805">
        <ele>385.641531</ele>
        <time>2026-09-28T12:53:00.135Z</time>
      </trkpt>
      <trkpt lat="47.939964" lon="14.842345">
        <ele>386.090976</ele>
        <time>2026-09-28T12:53:06.634Z</time>
      </trkpt>
      <trkpt lat="47.940039" lon="14.842020">
        <ele>386.421418</ele>
        <time>2026-09-28T12:53:11.119Z</time>
      </trkpt>
      <trkpt lat="47.940199" lon="14.841636">
        <ele>386.320764</ele>
        <time>2026-09-28T12:53:16.453Z</time>
      </trkpt>
      <trkpt lat="47.940541" lon="14.841075">
        <ele>385.030000</ele>
        <time>2026-09-28T12:53:24.723Z</time>
      </trkpt>
      <trkpt lat="47.941372" lon="14.839820">
        <ele>382.042923</ele>
        <time>2026-09-28T12:53:43.931Z</time>
      </trkpt>
      <trkpt lat="47.941376" lon="14.839721">
        <ele>381.913852</ele>
        <time>2026-09-28T12:53:45.582Z</time>
      </trkpt>
      <trkpt lat="47.941416" lon="14.839643">
        <ele>381.786016</ele>
        <time>2026-09-28T12:53:46.980Z</time>
      </trkpt>
      <trkpt lat="47.941592" lon="14.839380">
        <ele>381.302233</ele>
        <time>2026-09-28T12:53:52.601Z</time>
      </trkpt>
      <trkpt lat="47.941734" lon="14.839089">
        <ele>380.833712</ele>
        <time>2026-09-28T12:53:57.613Z</time>
      </trkpt>
      <trkpt lat="47.941764" lon="14.838968">
        <ele>380.665807</ele>
        <time>2026-09-28T12:53:59.387Z</time>
      </trkpt>
      <trkpt lat="47.941812" lon="14.838620">
        <ele>380.203431</ele>
        <time>2026-09-28T12:54:03.915Z</time>
      </trkpt>
      <trkpt lat="47.941833" lon="14.837927">
        <ele>379.300660</ele>
        <time>2026-09-28T12:54:11.726Z</time>
      </trkpt>
      <trkpt lat="47.941908" lon="14.837572">
        <ele>378.816244</ele>
        <time>2026-09-28T12:54:15.788Z</time>
      </trkpt>
      <trkpt lat="47.941961" lon="14.837433">
        <ele>378.608105</ele>
        <time>2026-09-28T12:54:17.532Z</time>
      </trkpt>
      <trkpt lat="47.942035" lon="14.837281">
        <ele>378.669221</ele>
        <time>2026-09-28T12:54:19.594Z</time>
      </trkpt>
      <trkpt lat="47.942182" lon="14.837075">
        <ele>378.784349</ele>
        <time>2026-09-28T12:54:22.900Z</time>
      </trkpt>
      <trkpt lat="47.942493" lon="14.836705">
        <ele>379.011431</ele>
        <time>2026-09-28T12:54:29.514Z</time>
      </trkpt>
      <trkpt lat="47.942574" lon="14.836576">
        <ele>379.079062</ele>
        <time>2026-09-28T12:54:31.663Z</time>
      </trkpt>
      <trkpt lat="47.942688" lon="14.836301">
        <ele>379.202764</ele>
        <time>2026-09-28T12:54:35.760Z</time>
      </trkpt>
      <trkpt lat="47.942725" lon="14.835940">
        <ele>379.342454</ele>
        <time>2026-09-28T12:54:42.489Z</time>
      </trkpt>
      <trkpt lat="47.942705" lon="14.835720">
        <ele>379.427377</ele>
        <time>2026-09-28T12:54:47.807Z</time>
      </trkpt>
      <trkpt lat="47.942623" lon="14.835472">
        <ele>379.533164</ele>
        <time>2026-09-28T12:54:55.362Z</time>
      </trkpt>
      <trkpt lat="47.942516" lon="14.835194">
        <ele>379.943363</ele>
        <time>2026-09-28T12:55:05.620Z</time>
      </trkpt>
      <trkpt lat="47.942494" lon="14.835133">
        <ele>380.232894</ele>
        <time>2026-09-28T12:55:08.068Z</time>
      </trkpt>
      <trkpt lat="47.942564" lon="14.834976">
        <ele>381.021077</ele>
        <time>2026-09-28T12:55:14.687Z</time>
      </trkpt>
      <trkpt lat="47.942523" lon="14.834924">
        <ele>381.356718</ele>
        <time>2026-09-28T12:55:17.771Z</time>
      </trkpt>
      <trkpt lat="47.942414" lon="14.834845">
        <ele>382.112654</ele>
        <time>2026-09-28T12:55:24.722Z</time>
      </trkpt>
      <trkpt lat="47.942293" lon="14.834372">
        <ele>384.228658</ele>
        <time>2026-09-28T12:55:45.425Z</time>
      </trkpt>
      <trkpt lat="47.942283" lon="14.834285">
        <ele>384.597563</ele>
        <time>2026-09-28T12:55:49.173Z</time>
      </trkpt>
      <trkpt lat="47.942282" lon="14.833863">
        <ele>386.361205</ele>
        <time>2026-09-28T12:56:06.718Z</time>
      </trkpt>
      <trkpt lat="47.942350" lon="14.832546">
        <ele>390.542303</ele>
        <time>2026-09-28T12:56:44.445Z</time>
      </trkpt>
      <trkpt lat="47.942703" lon="14.830398">
        <ele>387.806709</ele>
        <time>2026-09-28T12:57:08.396Z</time>
      </trkpt>
      <trkpt lat="47.942699" lon="14.829917">
        <ele>387.005419</ele>
        <time>2026-09-28T12:57:13.504Z</time>
      </trkpt>
      <trkpt lat="47.942577" lon="14.828787">
        <ele>384.663558</ele>
        <time>2026-09-28T12:57:26.328Z</time>
      </trkpt>
      <trkpt lat="47.942539" lon="14.828359">
        <ele>383.780194</ele>
        <time>2026-09-28T12:57:31.265Z</time>
      </trkpt>
      <trkpt lat="47.942539" lon="14.827986">
        <ele>383.017020</ele>
        <time>2026-09-28T12:57:35.406Z</time>
      </trkpt>
      <trkpt lat="47.942628" lon="14.826982">
        <ele>380.964067</ele>
        <time>2026-09-28T12:57:46.283Z</time>
      </trkpt>
      <trkpt lat="47.942638" lon="14.826630">
        <ele>380.255917</ele>
        <time>2026-09-28T12:57:49.927Z</time>
      </trkpt>
      <trkpt lat="47.942416" lon="14.824695">
        <ele>377.115694</ele>
        <time>2026-09-28T12:58:10.663Z</time>
      </trkpt>
      <trkpt lat="47.942428" lon="14.824481">
        <ele>377.749193</ele>
        <time>2026-09-28T12:58:14.913Z</time>
      </trkpt>
      <trkpt lat="47.942440" lon="14.824284">
        <ele>378.332733</ele>
        <time>2026-09-28T12:58:19.903Z</time>
      </trkpt>
      <trkpt lat="47.942476" lon="14.823667">
        <ele>380.159748</ele>
        <time>2026-09-28T12:58:40.437Z</time>
      </trkpt>
      <trkpt lat="47.942486" lon="14.823558">
        <ele>380.484295</ele>
        <time>2026-09-28T12:58:44.204Z</time>
      </trkpt>
      <trkpt lat="47.942558" lon="14.822682">
        <ele>383.087834</ele>
        <time>2026-09-28T12:59:23.110Z</time>
      </trkpt>
      <trkpt lat="47.942601" lon="14.822461">
        <ele>383.766717</ele>
        <time>2026-09-28T12:59:30.542Z</time>
      </trkpt>
      <trkpt lat="47.942611" lon="14.822362">
        <ele>384.062064</ele>
        <time>2026-09-28T12:59:33.845Z</time>
      </trkpt>
      <trkpt lat="47.942647" lon="14.822238">
        <ele>384.460734</ele>
        <time>2026-09-28T12:59:38.003Z</time>
      </trkpt>
      <trkpt lat="47.943132" lon="14.821764">
        <ele>384.097661</ele>
        <time>2026-09-28T13:00:01.323Z</time>
      </trkpt>
      <trkpt lat="47.943280" lon="14.821577">
        <ele>383.937908</ele>
        <time>2026-09-28T13:00:05.514Z</time>
      </trkpt>
      <trkpt lat="47.943540" lon="14.821070">
        <ele>383.585505</ele>
        <time>2026-09-28T13:00:12.190Z</time>
      </trkpt>
      <trkpt lat="47.943668" lon="14.820673">
        <ele>383.342338</ele>
        <time>2026-09-28T13:00:16.557Z</time>
      </trkpt>
      <trkpt lat="47.943697" lon="14.820438">
        <ele>383.210458</ele>
        <time>2026-09-28T13:00:18.955Z</time>
      </trkpt>
      <trkpt lat="47.943701" lon="14.819991">
        <ele>382.765630</ele>
        <time>2026-09-28T13:00:23.563Z</time>
      </trkpt>
      <trkpt lat="47.943618" lon="14.818928">
        <ele>381.126173</ele>
        <time>2026-09-28T13:00:35.558Z</time>
      </trkpt>
      <trkpt lat="47.943550" lon="14.817682">
        <ele>379.211073</ele>
        <time>2026-09-28T13:00:51.123Z</time>
      </trkpt>
      <trkpt lat="47.943533" lon="14.816884">
        <ele>378.735718</ele>
        <time>2026-09-28T13:01:01.671Z</time>
      </trkpt>
      <trkpt lat="47.943349" lon="14.813958">
        <ele>377.762037</ele>
        <time>2026-09-28T13:01:42.961Z</time>
      </trkpt>
      <trkpt lat="47.943261" lon="14.812377">
        <ele>377.326003</ele>
        <time>2026-09-28T13:02:04.438Z</time>
      </trkpt>
      <trkpt lat="47.943125" lon="14.810344">
        <ele>377.908125</ele>
        <time>2026-09-28T13:02:34.871Z</time>
      </trkpt>
      <trkpt lat="47.942910" lon="14.808827">
        <ele>379.305969</ele>
        <time>2026-09-28T13:03:05.140Z</time>
      </trkpt>
      <trkpt lat="47.942864" lon="14.808070">
        <ele>380.502362</ele>
        <time>2026-09-28T13:03:22.293Z</time>
      </trkpt>
      <trkpt lat="47.942869" lon="14.807471">
        <ele>381.445247</ele>
        <time>2026-09-28T13:03:37.144Z</time>
      </trkpt>
      <trkpt lat="47.942906" lon="14.806875">
        <ele>382.387357</ele>
        <time>2026-09-28T13:03:50.710Z</time>
      </trkpt>
      <trkpt lat="47.943040" lon="14.805862">
        <ele>381.568503</ele>
        <time>2026-09-28T13:04:07.443Z</time>
      </trkpt>
      <trkpt lat="47.943470" lon="14.803800">
        <ele>379.520605</ele>
        <time>2026-09-28T13:04:31.311Z</time>
      </trkpt>
      <trkpt lat="47.943704" lon="14.802702">
        <ele>378.065526</ele>
        <time>2026-09-28T13:04:44.659Z</time>
      </trkpt>
      <trkpt lat="47.943804" lon="14.802249">
        <ele>377.463200</ele>
        <time>2026-09-28T13:04:50.836Z</time>
      </trkpt>
      <trkpt lat="47.943916" lon="14.801746">
        <ele>376.793823</ele>
        <time>2026-09-28T13:04:57.971Z</time>
      </trkpt>
      <trkpt lat="47.944278" lon="14.800058">
        <ele>376.878729</ele>
        <time>2026-09-28T13:05:20.944Z</time>
      </trkpt>
      <trkpt lat="47.944296" lon="14.799977">
        <ele>376.885835</ele>
        <time>2026-09-28T13:05:22.132Z</time>
      </trkpt>
      <trkpt lat="47.944539" lon="14.798900">
        <ele>378.031530</ele>
        <time>2026-09-28T13:05:42.970Z</time>
      </trkpt>
      <trkpt lat="47.944726" lon="14.798289">
        <ele>380.777130</ele>
        <time>2026-09-28T13:06:01.253Z</time>
      </trkpt>
      <trkpt lat="47.944989" lon="14.797596">
        <ele>384.032553</ele>
        <time>2026-09-28T13:06:28.238Z</time>
      </trkpt>
      <trkpt lat="47.945307" lon="14.796861">
        <ele>387.608764</ele>
        <time>2026-09-28T13:07:04.059Z</time>
      </trkpt>
      <trkpt lat="47.945904" lon="14.795452">
        <ele>390.346674</ele>
        <time>2026-09-28T13:07:59.588Z</time>
      </trkpt>
      <trkpt lat="47.946168" lon="14.794954">
        <ele>391.311952</ele>
        <time>2026-09-28T13:08:06.634Z</time>
      </trkpt>
      <trkpt lat="47.946402" lon="14.794386">
        <ele>391.289514</ele>
        <time>2026-09-28T13:08:13.244Z</time>
      </trkpt>
      <trkpt lat="47.946520" lon="14.794130">
        <ele>390.187761</ele>
        <time>2026-09-28T13:08:16.162Z</time>
      </trkpt>
      <trkpt lat="47.946628" lon="14.793959">
        <ele>389.354499</ele>
        <time>2026-09-28T13:08:18.339Z</time>
      </trkpt>
      <trkpt lat="47.946686" lon="14.793881">
        <ele>388.941318</ele>
        <time>2026-09-28T13:08:19.487Z</time>
      </trkpt>
      <trkpt lat="47.947302" lon="14.793216">
        <ele>384.917728</ele>
        <time>2026-09-28T13:08:30.841Z</time>
      </trkpt>
      <trkpt lat="47.947534" lon="14.792850">
        <ele>383.131211</ele>
        <time>2026-09-28T13:08:37.024Z</time>
      </trkpt>
      <trkpt lat="47.947771" lon="14.792408">
        <ele>382.027378</ele>
        <time>2026-09-28T13:08:44.657Z</time>
      </trkpt>
      <trkpt lat="47.948563" lon="14.790912">
        <ele>379.723574</ele>
        <time>2026-09-28T13:09:09.938Z</time>
      </trkpt>
      <trkpt lat="47.948535" lon="14.790824">
        <ele>379.605870</ele>
        <time>2026-09-28T13:09:11.149Z</time>
      </trkpt>
      <trkpt lat="47.948640" lon="14.790628">
        <ele>379.302650</ele>
        <time>2026-09-28T13:09:13.846Z</time>
      </trkpt>
      <trkpt lat="47.948969" lon="14.790035">
        <ele>378.034711</ele>
        <time>2026-09-28T13:09:22.082Z</time>
      </trkpt>
      <trkpt lat="47.949594" lon="14.789251">
        <ele>375.995866</ele>
        <time>2026-09-28T13:09:35.517Z</time>
      </trkpt>
      <trkpt lat="47.949871" lon="14.788904">
        <ele>375.092758</ele>
        <time>2026-09-28T13:09:41.787Z</time>
      </trkpt>
      <trkpt lat="47.950509" lon="14.788082">
        <ele>374.404550</ele>
        <time>2026-09-28T13:09:58.634Z</time>
      </trkpt>
      <trkpt lat="47.951064" lon="14.787379">
        <ele>374.041734</ele>
        <time>2026-09-28T13:10:14.013Z</time>
      </trkpt>
      <trkpt lat="47.951233" lon="14.787599">
        <ele>373.929963</ele>
        <time>2026-09-28T13:10:18.929Z</time>
      </trkpt>
      <trkpt lat="47.951287" lon="14.787519">
        <ele>373.892042</ele>
        <time>2026-09-28T13:10:20.945Z</time>
      </trkpt>
      <trkpt lat="47.951864" lon="14.786746">
        <ele>374.313650</ele>
        <time>2026-09-28T13:10:39.003Z</time>
      </trkpt>
      <trkpt lat="47.952691" lon="14.785667">
        <ele>375.013056</ele>
        <time>2026-09-28T13:11:07.434Z</time>
      </trkpt>
      <trkpt lat="47.953080" lon="14.785189">
        <ele>375.437821</ele>
        <time>2026-09-28T13:11:20.591Z</time>
      </trkpt>
      <trkpt lat="47.954066" lon="14.784093">
        <ele>376.474218</ele>
        <time>2026-09-28T13:11:52.205Z</time>
      </trkpt>
      <trkpt lat="47.954111" lon="14.784004">
        <ele>376.513300</ele>
        <time>2026-09-28T13:11:54.105Z</time>
      </trkpt>
      <trkpt lat="47.954828" lon="14.782342">
        <ele>376.188416</ele>
        <time>2026-09-28T13:12:25.662Z</time>
      </trkpt>
      <trkpt lat="47.954859" lon="14.782272">
        <ele>376.174625</ele>
        <time>2026-09-28T13:12:26.727Z</time>
      </trkpt>
      <trkpt lat="47.954937" lon="14.782111">
        <ele>376.141971</ele>
        <time>2026-09-28T13:12:29.179Z</time>
      </trkpt>
      <trkpt lat="47.955071" lon="14.781824">
        <ele>376.084477</ele>
        <time>2026-09-28T13:12:33.276Z</time>
      </trkpt>
      <trkpt lat="47.955134" lon="14.781619">
        <ele>375.771882</ele>
        <time>2026-09-28T13:12:35.857Z</time>
      </trkpt>
      <trkpt lat="47.955665" lon="14.780370">
        <ele>373.290542</ele>
        <time>2026-09-28T13:12:52.684Z</time>
      </trkpt>
      <trkpt lat="47.955966" lon="14.779683">
        <ele>371.913599</ele>
        <time>2026-09-28T13:13:01.606Z</time>
      </trkpt>
      <trkpt lat="47.956218" lon="14.779106">
        <ele>370.829670</ele>
        <time>2026-09-28T13:13:09.390Z</time>
      </trkpt>
      <trkpt lat="47.956271" lon="14.778973">
        <ele>370.592862</ele>
        <time>2026-09-28T13:13:11.201Z</time>
      </trkpt>
      <trkpt lat="47.956304" lon="14.778998">
        <ele>370.508315</ele>
        <time>2026-09-28T13:13:11.866Z</time>
      </trkpt>
      <trkpt lat="47.956719" lon="14.779323">
        <ele>369.437635</ele>
        <time>2026-09-28T13:13:19.921Z</time>
      </trkpt>
      <trkpt lat="47.956915" lon="14.778868">
        <ele>368.609848</ele>
        <time>2026-09-28T13:13:25.936Z</time>
      </trkpt>
      <trkpt lat="47.957251" lon="14.778108">
        <ele>367.326048</ele>
        <time>2026-09-28T13:13:36.707Z</time>
      </trkpt>
      <trkpt lat="47.957515" lon="14.777576">
        <ele>366.762930</ele>
        <time>2026-09-28T13:13:45.611Z</time>
      </trkpt>
      <trkpt lat="47.957544" lon="14.777510">
        <ele>366.695797</ele>
        <time>2026-09-28T13:13:46.673Z</time>
      </trkpt>
      <trkpt lat="47.957827" lon="14.777188">
        <ele>366.243965</ele>
        <time>2026-09-28T13:13:53.834Z</time>
      </trkpt>
      <trkpt lat="47.958166" lon="14.776804">
        <ele>365.703610</ele>
        <time>2026-09-28T13:14:02.150Z</time>
      </trkpt>
      <trkpt lat="47.958306" lon="14.777054">
        <ele>365.426461</ele>
        <time>2026-09-28T13:14:06.183Z</time>
      </trkpt>
      <trkpt lat="47.958636" lon="14.776731">
        <ele>364.878133</ele>
        <time>2026-09-28T13:14:13.170Z</time>
      </trkpt>
      <trkpt lat="47.958941" lon="14.777452">
        <ele>364.017807</ele>
        <time>2026-09-28T13:14:23.386Z</time>
      </trkpt>
      <trkpt lat="47.958951" lon="14.777484">
        <ele>363.982183</ele>
        <time>2026-09-28T13:14:23.816Z</time>
      </trkpt>
      <trkpt lat="47.958987" lon="14.777470">
        <ele>363.926142</ele>
        <time>2026-09-28T13:14:24.481Z</time>
      </trkpt>
      <trkpt lat="47.959084" lon="14.777445">
        <ele>363.777855</ele>
        <time>2026-09-28T13:14:26.188Z</time>
      </trkpt>
      <trkpt lat="47.959529" lon="14.777100">
        <ele>363.022521</ele>
        <time>2026-09-28T13:14:35.052Z</time>
      </trkpt>
      <trkpt lat="47.959852" lon="14.776828">
        <ele>362.470509</ele>
        <time>2026-09-28T13:14:42.430Z</time>
      </trkpt>
      <trkpt lat="47.960129" lon="14.776438">
        <ele>362.574273</ele>
        <time>2026-09-28T13:14:51.912Z</time>
      </trkpt>
      <trkpt lat="47.960188" lon="14.776366">
        <ele>362.595040</ele>
        <time>2026-09-28T13:14:54.068Z</time>
      </trkpt>
      <trkpt lat="47.960297" lon="14.776365">
        <ele>362.624750</ele>
        <time>2026-09-28T13:14:57.032Z</time>
      </trkpt>
      <trkpt lat="47.960360" lon="14.776309">
        <ele>362.644733</ele>
        <time>2026-09-28T13:14:59.165Z</time>
      </trkpt>
      <trkpt lat="47.960404" lon="14.776245">
        <ele>362.661474</ele>
        <time>2026-09-28T13:15:00.882Z</time>
      </trkpt>
      <trkpt lat="47.960450" lon="14.776149">
        <ele>362.683019</ele>
        <time>2026-09-28T13:15:03.234Z</time>
      </trkpt>
      <trkpt lat="47.960577" lon="14.775885">
        <ele>362.742348</ele>
        <time>2026-09-28T13:15:09.251Z</time>
      </trkpt>
      <trkpt lat="47.960564" lon="14.775783">
        <ele>362.761299</ele>
        <time>2026-09-28T13:15:11.253Z</time>
      </trkpt>
      <trkpt lat="47.960515" lon="14.775640">
        <ele>362.790617</ele>
        <time>2026-09-28T13:15:14.094Z</time>
      </trkpt>
      <trkpt lat="47.960432" lon="14.775435">
        <ele>362.834340</ele>
        <time>2026-09-28T13:15:18.256Z</time>
      </trkpt>
      <trkpt lat="47.960695" lon="14.775109">
        <ele>362.927500</ele>
        <time>2026-09-28T13:15:26.152Z</time>
      </trkpt>
      <trkpt lat="47.960968" lon="14.774822">
        <ele>362.448915</ele>
        <time>2026-09-28T13:15:33.659Z</time>
      </trkpt>
      <trkpt lat="47.960998" lon="14.774791">
        <ele>362.362483</ele>
        <time>2026-09-28T13:15:34.385Z</time>
      </trkpt>
      <trkpt lat="47.962072" lon="14.773903">
        <ele>359.454016</ele>
        <time>2026-09-28T13:15:55.728Z</time>
      </trkpt>
      <trkpt lat="47.962080" lon="14.773897">
        <ele>359.432806</ele>
        <time>2026-09-28T13:15:55.879Z</time>
      </trkpt>
      <trkpt lat="47.962136" lon="14.773858">
        <ele>359.286415</ele>
        <time>2026-09-28T13:15:56.890Z</time>
      </trkpt>
      <trkpt lat="47.962165" lon="14.773924">
        <ele>359.161179</ele>
        <time>2026-09-28T13:15:57.730Z</time>
      </trkpt>
      <trkpt lat="47.962297" lon="14.774166">
        <ele>358.682483</ele>
        <time>2026-09-28T13:16:01.047Z</time>
      </trkpt>
      <trkpt lat="47.962373" lon="14.774297">
        <ele>358.547305</ele>
        <time>2026-09-28T13:16:02.915Z</time>
      </trkpt>
      <trkpt lat="47.962427" lon="14.774399">
        <ele>358.445897</ele>
        <time>2026-09-28T13:16:04.313Z</time>
      </trkpt>
      <trkpt lat="47.962448" lon="14.774441">
        <ele>358.405017</ele>
        <time>2026-09-28T13:16:04.904Z</time>
      </trkpt>
      <trkpt lat="47.962760" lon="14.775082">
        <ele>357.786990</ele>
        <time>2026-09-28T13:16:14.581Z</time>
      </trkpt>
      <trkpt lat="47.962767" lon="14.775096">
        <ele>357.773364</ele>
        <time>2026-09-28T13:16:14.820Z</time>
      </trkpt>
      <trkpt lat="47.962867" lon="14.774992">
        <ele>357.631436</ele>
        <time>2026-09-28T13:16:17.153Z</time>
      </trkpt>
      <trkpt lat="47.962881" lon="14.775016">
        <ele>357.606612</ele>
        <time>2026-09-28T13:16:17.600Z</time>
      </trkpt>
      <trkpt lat="47.962825" lon="14.775091">
        <ele>357.519004</ele>
        <time>2026-09-28T13:16:19.161Z</time>
      </trkpt>
      <trkpt lat="47.962955" lon="14.775350">
        <ele>357.266565</ele>
        <time>2026-09-28T13:16:23.431Z</time>
      </trkpt>
      <trkpt lat="47.962970" lon="14.775382">
        <ele>357.236102</ele>
        <time>2026-09-28T13:16:23.988Z</time>
      </trkpt>
      <trkpt lat="47.962958" lon="14.775467">
        <ele>357.168354</ele>
        <time>2026-09-28T13:16:25.168Z</time>
      </trkpt>
      <trkpt lat="47.962967" lon="14.775577">
        <ele>357.081929</ele>
        <time>2026-09-28T13:16:26.638Z</time>
      </trkpt>
      <trkpt lat="47.963060" lon="14.775796">
        <ele>356.879683</ele>
        <time>2026-09-28T13:16:30.383Z</time>
      </trkpt>
      <trkpt lat="47.963287" lon="14.775825">
        <ele>356.614334</ele>
        <time>2026-09-28T13:16:35.603Z</time>
      </trkpt>
      <trkpt lat="47.963477" lon="14.775803">
        <ele>356.603561</ele>
        <time>2026-09-28T13:16:40.419Z</time>
      </trkpt>
      <trkpt lat="47.963492" lon="14.775907">
        <ele>356.603561</ele>
        <time>2026-09-28T13:16:42.841Z</time>
      </trkpt>
      <trkpt lat="47.963630" lon="14.776216">
        <ele>356.603561</ele>
        <time>2026-09-28T13:16:51.061Z</time>
      </trkpt>
      <trkpt lat="47.963662" lon="14.776281">
        <ele>356.603561</ele>
        <time>2026-09-28T13:16:52.883Z</time>
      </trkpt>
      <trkpt lat="47.963735" lon="14.776548">
        <ele>356.603561</ele>
        <time>2026-09-28T13:16:59.141Z</time>
      </trkpt>
      <trkpt lat="47.963700" lon="14.776574">
        <ele>356.603561</ele>
        <time>2026-09-28T13:17:00.303Z</time>
      </trkpt>
      <trkpt lat="47.963716" lon="14.776635">
        <ele>356.603561</ele>
        <time>2026-09-28T13:17:01.648Z</time>
      </trkpt>
      <trkpt lat="47.963862" lon="14.776531">
        <ele>356.603561</ele>
        <time>2026-09-28T13:17:06.024Z</time>
      </trkpt>
    </trkseg>
  </trk>
</gpx>